Event,Region,Place,Location,Player Name,Deck,Engine
Regional,NA,1st,Hilo Hawai,Aidan Jayke Ah Hee,Ryzeal,Fiendsmith
Regional,NA,2nd,Hilo Hawai,Ryan Cade Kuamoo,Ryzeal,No Engine
Regional,NA,Top 4,Hilo Hawai,Austin Jayce H Ah Hee,Maliss,Kashtira
Regional,NA,Top 4,Hilo Hawai,Daniela Casell Sanz,Maliss,No Engine
Regional,NA,Top 8,Hilo Hawai,Hunter Henderson,Mermail,No Engine
Regional,NA,Top 8,Hilo Hawai,Jordan Haruyuki Yamashiro,Tenpai Dragon,No Engine
Regional,NA,Top 8,Hilo Hawai,Brandon Matthew Shoji Cantor,Blackwing,No Engine
Regional,NA,Top 8,Hilo Hawai,Dominic Williams,Virtual World,Swordsoul
Regional,NA,1st,Kenner Louisiana,Trevor Glenn Commer,Ryzeal,Fiendsmith
Regional,NA,2nd,Kenner Louisiana,Jeffery Christopher Rapp Jr,Kashtira,Fiendsmith
Regional,NA,Top 4,Kenner Louisiana,Kobe Louis Short,Kashtira,Fiendsmith
Regional,NA,Top 4,Kenner Louisiana,John Malick Rivera Arroyo,Yubel,Fiendmisth
Regional,NA,Top 8,Kenner Louisiana,Lara A.,Tearlaments,Fiendsmith
Regional,NA,Top 8,Kenner Louisiana,Mason Broussard,Maliss,Sky Striker
Regional,NA,Top 8,Kenner Louisiana,Tyler Demonte Glenn,Ryzeal,Fiendsmith
Regional,NA,Top 8,Kenner Louisiana,Sean Michael Pons,Ryzeal,No Engine
Regional,NA,1st,Spanish Fork Utah,Kevin Ponce,Labrynth,Fiendsmith
Regional,NA,2nd,Spanish Fork Utah,Saulo Flores,Tenpai Dragon,No Engine
Regional,NA,Top 4,Spanish Fork Utah,Cody Muñiz,Ryzeal,Fiendsmith
Regional,NA,Top 4,Spanish Fork Utah,Oscar Ramirez,Fire King,Azamina SE
Regional,NA,Top 8,Spanish Fork Utah,Dominic Ruiz,Ryzeal,No Engine
Regional,NA,Top 8,Spanish Fork Utah,Kevin Roy,Maliss,No Engine
Regional,NA,Top 8,Spanish Fork Utah,Taylor Sager,Maliss,Kashtira
Regional,NA,Top 8,Spanish Fork Utah,Everett Mckay,Ryzeal,Fiendsmith
Regional,NA,1st,Milwaukee Wisconsin,Michael John Wagner,Ryzeal,Fiendsmith
Regional,NA,2nd,Milwaukee Wisconsin,Gabriel Marcos Medina,Maliss,Kashtira
Regional,NA,Top 4,Milwaukee Wisconsin,Jason Willard Bai,Maliss,Sky Striker
Regional,NA,Top 4,Milwaukee Wisconsin,Ryan Michael Merriman,Goblin Biker,Fiendsmith Kash
Regional,NA,Top 8,Milwaukee Wisconsin,Joseph Alexander Alvarez,Buster Blader,Fiendsmith
Regional,NA,Top 8,Milwaukee Wisconsin,Ryan William Donaldson,Ryzeal,No Engine
Regional,NA,Top 8,Milwaukee Wisconsin,Haytam Driouich,Ryzeal,Fiendsmith
Regional,NA,Top 8,Milwaukee Wisconsin,Mason Lee Mattila,Sky Striker,No Engine
Regional,NA,1st,Alhambra Remote Duel,Andrew Henry Williams,Gimmick Puppet,Horus
Regional,NA,2nd,Alhambra Remote Duel,Peyton Christopher McDowell,Ritual Beast,Nemesis
Regional,NA,Top 4,Alhambra Remote Duel,Ricardo Quintanilla,Ryzeal,Fiendsmith
Regional,NA,Top 4,Alhambra Remote Duel,Ken Joseph Gilbert,Ryzeal,Fiendsmith
Regional,NA,Top 8,Alhambra Remote Duel,Logan Patrick Johnson,Ryzeal,Fiendsmith
Regional,NA,Top 8,Alhambra Remote Duel,Mario Kamar Harvey,Kashtira,Azamina FS
Regional,NA,Top 8,Alhambra Remote Duel,Noah Castro,Melodious,No Engine
Regional,NA,Top 8,Alhambra Remote Duel,Hanko Hon Kau Chow,Ryzeal,Fiendsmith
Regional,NA,1st,Omaha Nebraska,George Lucas Sacco,Ryzeal,Fiendsmith
Regional,NA,2nd,Omaha Nebraska,Samuel Robert Fisher,Mermail,No Engine
Regional,NA,Top 4,Omaha Nebraska,Niko DJuan Smith,Ryzeal,No Engine
Regional,NA,Top 4,Omaha Nebraska,Minh Le Pham,Maliss,Sky Striker
Regional,NA,Top 8,Omaha Nebraska,Eric Brian Hallmark,Maliss,Sky Striker
Regional,NA,Top 8,Omaha Nebraska,Thomas Logan Sherard,Kashtira,Fiendsmith
Regional,NA,Top 8,Omaha Nebraska,Brandon Thomas Svoboda,Ryzeal,No Engine
Regional,NA,Top 8,Omaha Nebraska,Dominic Roy Furr,Ryzeal,Fiendsmith
Regional,CA,1st,Monterrey Mexico,Victor Eduardo Figueroa Sanchez,Ryzeal,Fiendsmith
Regional,CA,2nd,Monterrey Mexico,Claudio Humberto Gutierrez Hdz,Yubel,Fiendsmith Kash
Regional,CA,Top 4,Monterrey Mexico,Adrian Meza Maldonado,Yubel,Fiendsmith
Regional,CA,Top 4,Monterrey Mexico,Saulo Gallegos Reyes,Kashtira,Fiendsmith
Regional,CA,Top 8,Monterrey Mexico,Miguel Angel Villa Romo,Ryzeal,Fiendsmith
Regional,CA,Top 8,Monterrey Mexico,Juan Carlos Ponce Maldonado,Ryzeal,Fiendsmith
Regional,CA,Top 8,Monterrey Mexico,Javier Eduardo Aguirre Gutierrez,Unknown,No Engine
Regional,CA,Top 8,Monterrey Mexico,Carlos Ismael Estala Coronado,Ryzeal,Fiendsmith
Regional,SA,1st,Curitiba Brazil,Anderson Scharlau,Maliss,No Engine
Regional,SA,2nd,Curitiba Brazil,Mateus Moreno Fernandes,Voiceless Voice,Fiendsmith
Regional,SA,Top 4,Curitiba Brazil,Daniel da Mata Silveira,Tenpai Dragon,Fiendsmith
Regional,SA,Top 4,Curitiba Brazil,Guilherme Alessi Schemberger,Branded,No Engine
Regional,SA,Top 8,Curitiba Brazil,Alessandro Araujo Oliveira,Maliss,Fiendsmith
Regional,SA,Top 8,Curitiba Brazil,Theo Victor Tavares,Mermail,No Engine
Regional,SA,Top 8,Curitiba Brazil,Andre Ricardo Flenik Morais,Ryzeal,Fiendsmith
Regional,SA,Top 8,Curitiba Brazil,Felipe Urias Moreira da Silva,Tenpai Dragon,Fiendsmith
Regional,CA,1st,Managua Nicaragua,Ronald Pacheco,Ryzeal,Fiendsmith
Regional,CA,2nd,Managua Nicaragua,Harold Icaza,Yubel,Fiendsmith
Regional,CA,Top 4,Managua Nicaragua,Dexter Sequeira,Yubel,Fiendsmith
Regional,CA,Top 4,Managua Nicaragua,José Espinoza,Dark World,No Engine
Regional,CA,Top 8,Managua Nicaragua,José Ñurinda,Maliss,Sky Striker
Regional,CA,Top 8,Managua Nicaragua,Emanuel Tijerino,Goblin Biker,No Engine
Regional,CA,Top 8,Managua Nicaragua,Emilio Veliz,Yubel,Fiendsmith
Regional,CA,Top 8,Managua Nicaragua,Gustavo Nuñez,Ritual Beast,Nemesis
Regional,EU,1st,Ireland Cork,Jordan Gallacher,Maliss,Sky Striker
Regional,EU,2nd,Ireland Cork,Hypnocorn Vlad,Maliss,Sky Striker
Regional,EU,Top 4,Ireland Cork,Nyon,Ryzeal,No Engine
Regional,EU,Top 4,Ireland Cork,Conor McNamara,Magical Musketeer,Fiendsmith
Regional,EU,Top 8,Ireland Cork,Declan McGuinn,Kashtira,Fiendsmith
Regional,EU,Top 8,Ireland Cork,Cormac Ward,Mimighoul,No Engine
Regional,EU,Top 8,Ireland Cork,0hgan,Kashtira,Fiendsmith
Regional,EU,Top 8,Ireland Cork,1carew1,Fire King,Kashtira
Regional,EU,1st,South Africa Cape Town,Blaine Harris,Yubel,Fiendsmith Kash
Regional,EU,2nd,South Africa Cape Town,Taariq Hassiem,Yubel,Fiendsmith Kash
Regional,EU,Top 4,South Africa Cape Town,Benjamin Linde,Invoked,Azamina FS
Regional,EU,Top 4,South Africa Cape Town,Christopher Gerber,Kashtira,Fiendsmith
Regional,EU,Top 8,South Africa Cape Town,Rimeesh Aberdeen,Yubel,Fiendsmith
Regional,EU,Top 8,South Africa Cape Town,WIllem Buekes,Drytron,No Engine
Regional,EU,Top 8,South Africa Cape Town,Dale Lee Don,Blackwing,No Engine
Regional,EU,Top 8,South Africa Cape Town,Musa Omar,Orcust,Horus
Regional,EU,1st,Spain Valencia,Francesco Ke,Fire King,Kashtira
Regional,EU,2nd,Spain Valencia,Antonio Oliva,Maliss,No Engine
Regional,EU,Top 4,Spain Valencia,Mario Martínez,Magical Musketeer,Fiendsmith
Regional,EU,Top 4,Spain Valencia,José Francisco Ricarte,Maliss,No Engine
Regional,EU,Top 8,Spain Valencia,Joan García,Ryzeal,Fiendsmith
Regional,EU,Top 8,Spain Valencia,Joaquín Leites,Goblin Biker,No Engine
Regional,EU,Top 8,Spain Valencia,Daniel López,Voiceless Voice,Dogmatika
Regional,EU,Top 8,Spain Valencia,David Santandreu,Tenpai Dragon,No Engine
Regional,EU,1st,UK Cardiff,Nicholas Crees,Ryzeal,Fiendsmith
Regional,EU,2nd,UK Cardiff,Jacob Kendrick,Maliss,Bystial
Regional,EU,Top 4,UK Cardiff,Josh Kelly,Ryzeal,Fiendsmith
Regional,EU,Top 4,UK Cardiff,James Tiffin,Ryzeal,Fiendsmith
Regional,EU,Top 8,UK Cardiff,Ahmed Mustafa,Maliss,No Engine
Regional,EU,Top 8,UK Cardiff,James Rispoli,Ryzeal,No Engine
Regional,EU,Top 8,UK Cardiff,Ben Challoner,Ryzeal,Fiendsmith
Regional,EU,Top 8,UK Cardiff,Lewis Tulodziecki,Mimighoul,Fiendsmith
Regional,EU,1st,France Saint-Etienne,Robin Vandenbrussche,Labrynth,No Engine
Regional,EU,2nd,France Saint-Etienne,Romain Rousselet,Voiceless Voice,No Engine
Regional,EU,Top 4,France Saint-Etienne,Florian Dreux,Centur-Ion,Bystial
Regional,EU,Top 4,France Saint-Etienne,Alexy Flammang,Unknown,No Engine
Regional,EU,Top 8,France Saint-Etienne,Vincent Hammouche,Maliss,Bystial
Regional,EU,Top 8,France Saint-Etienne,Thierry Garcia,Ryzeal,Fiendsmith
Regional,EU,Top 8,France Saint-Etienne,Damien Valla,Ryzeal,Fiendsmith
Regional,EU,Top 8,France Saint-Etienne,Quentin Guerin,Ryzeal,Fiendsmith
Regional,EU,1st,Italy Caserta (CE),Giovanni Barone,Ryzeal,Fiendsmith
Regional,EU,2nd,Italy Caserta (CE),Gianluca Vagnoni,Ryzeal,No Engine
Regional,EU,Top 4,Italy Caserta (CE),Ciancio Antonio Emanuele,Ryzeal,No Engine
Regional,EU,Top 4,Italy Caserta (CE),Mincione Giuseppe,Ryzeal,Fiendsmith
Regional,EU,Top 8,Italy Caserta (CE),Frosi Giuseppe,Yubel,Fiendsmith
Regional,EU,Top 8,Italy Caserta (CE),Loffredo Dario,Ryzeal,Fiendsmith
Regional,EU,Top 8,Italy Caserta (CE),Flavio Palumbo,Ryzeal,Fiendsmith
Regional,EU,Top 8,Italy Caserta (CE),Duraccio Matteo,Ryzeal,Fiendsmith
Regional,EU,1st,Italy Cecina,Pietro Dardini,Maliss,Kashtira
Regional,EU,2nd,Italy Cecina,Samuele Aouche,Ryzeal,Fiendsmith
Regional,EU,Top 4,Italy Cecina,Davide Vallero,Kashtira,Fiendsmith
Regional,EU,Top 4,Italy Cecina,Tommaso Prisco,Ryzeal,Fiendsmith
Regional,EU,Top 8,Italy Cecina,Samuele Bertini,Ryzeal,No Engine
Regional,EU,Top 8,Italy Cecina,Tommaso Spalletti,Ryzeal,Fiendsmith
Regional,EU,Top 8,Italy Cecina,Kevin Ceglia,Unknown,No Engine
Regional,EU,Top 8,Italy Cecina,Fabio Di Mascia,Ryzeal,No Engine
Regional,EU,1st,Mauritius Port Louis,Shaukat Raja,Maliss,No Engine
Regional,EU,2nd,Mauritius Port Louis,Oomar Hingun,White Forest,Azamina FS
Regional,EU,Top 4,Mauritius Port Louis,Abhilash Nuckcheddee,Floowandereeze,No Engine
Regional,EU,Top 4,Mauritius Port Louis,Dimitri Grondin,Kashtira,Fiendsmith
Regional,EU,Top 8,Mauritius Port Louis,Akhilesh Prayag,Fire King,No Engine
Regional,EU,Top 8,Mauritius Port Louis,Dylan Collet,Centur-Ion,Fiendsmith Bystial
Regional,EU,Top 8,Mauritius Port Louis,Luidialam Didier,Tenpai Dragon,Fiendsmith
Regional,EU,Top 8,Mauritius Port Louis,Shravan Conhye,Goblin Biker,No Engine
Regional,EU,1st,UK Birmingham,Ben Sherman,Maliss,Fiendsmith
Regional,EU,2nd,UK Birmingham,Kaisen Tang,Labrynth,No Engine
Regional,EU,Top 4,UK Birmingham,Ronnie Fieldsend,Yubel,Fiendsmith
Regional,EU,Top 4,UK Birmingham,Adam Nickson,Maliss,Kashtira
Regional,EU,Top 8,UK Birmingham,Alfio AI Hussainy,Ryzeal,Fiendsmith
Regional,EU,Top 8,UK Birmingham,Jacob Hodgkiss,Ryzeal,Fiendsmith
Regional,EU,Top 8,UK Birmingham,Yusuf Nisar,Tenpai Dragon,Bystial
Regional,EU,Top 8,UK Birmingham,Dale Hawkes,Labrynth,No Engine
OPEN,EU,1st,Frankfurt German,Michael Dürr ,Ryzeal,Fiendsmith
OPEN,EU,2nd,Frankfurt German,Niko Schlierkamp,Maliss,Fiendsmith
OPEN,EU,Top 4,Frankfurt German,Amelo,Ryzeal,Fiendsmith
OPEN,EU,Top 4,Frankfurt German,Rillehaller [TSG],Maliss,Sky Striker
OPEN,EU,Top 8,Frankfurt German,Tim GrÄfe,Ryzeal,Fiendsmith
OPEN,EU,Top 8,Frankfurt German,Cevin Katter,Ryzeal,No Engine
OPEN,EU,Top 8,Frankfurt German,Daniel Hartmann,Ryzeal,Fiendsmith
OPEN,EU,Top 8,Frankfurt German,Bilal Benali,Ryzeal,Fiendsmith
Regional,EU,1st,Famalicão Portugal,Jefferson douglas,Ryzeal,Fiendsmith
Regional,EU,2nd,Famalicão Portugal,Hugo magalhães,Yubel,Fiendsmith
Regional,EU,Top 4,Famalicão Portugal,david ferreira,Labrynth,Fiendsmith
Regional,EU,Top 4,Famalicão Portugal,Antonio pereira,Kashtira,Fiendsmith
Regional,EU,Top 8,Famalicão Portugal,Nuno Ribeiro,Ryzeal,Fiendsmith
Regional,EU,Top 8,Famalicão Portugal,Mário travassos,Plant Link,No Engine
Regional,EU,Top 8,Famalicão Portugal,João Mourão,Ryzeal,Fiendsmith
Regional,EU,Top 8,Famalicão Portugal,João Vieira,Maliss,No Engine
Regional,NA,1st,Pittsboro North Carolina ,Justin Chase Russell,Maliss,Fiendsmith
Regional,NA,2nd,Pittsboro North Carolina ,Hunter David Sigmon,Ryzeal,No Engine
Regional,NA,Top 4,Pittsboro North Carolina ,Jackson Leo Harvill,Maliss,Sky striker
Regional,NA,Top 4,Pittsboro North Carolina ,Arturo Maruri Jr,Maliss,Kashtira
Regional,NA,Top 8,Pittsboro North Carolina ,Brandon Patrick Weathersby,Yubel,Fiendsmith
Regional,NA,Top 8,Pittsboro North Carolina ,Jack Theodore Pugh,Memento,No Engine
Regional,NA,Top 8,Pittsboro North Carolina ,William Austin Jones,Maliss,Sky striker
Regional,NA,Top 8,Pittsboro North Carolina ,Craig Allen Washington,White Forest,Azamina FS
Regional,NA,1st,Lubbock Texas,Denny Ngo Vu,Ryzeal,Fiendsmith
Regional,NA,2nd,Lubbock Texas,Darmond Dixon,Ryzeal,No Engine
Regional,NA,Top 4,Lubbock Texas,Billy Wayne Davis,Bystial,Fiendsmith
Regional,NA,Top 4,Lubbock Texas,Christian Greathouse,Ryzeal,Fiendsmith Bystial
Regional,NA,Top 8,Lubbock Texas,Erin Thomas Medina,Ryzeal,Fiendsmith
Regional,NA,Top 8,Lubbock Texas,Cristian Jared Cloud,Ryzeal,Fiendsmith
Regional,NA,Top 8,Lubbock Texas,Eldin Hodzic,Ryzeal,Fiendsmith
Regional,NA,Top 8,Lubbock Texas,Alexander Trevino,Maliss,Sky striker
Regional,NA,1st,Little Rock Arkansas,Brett Hunter Shirley,White Forest,Azamina
Regional,NA,2nd,Little Rock Arkansas,Alexander Louis Cancel,Tenpai Dragon,Fiendsmith Kash
Regional,NA,Top 4,Little Rock Arkansas,Anthony Long Vang,Ryzeal,Fiendsmith
Regional,NA,Top 4,Little Rock Arkansas,David Deandre Golightly,Kashtira,Fiendsmith
Regional,NA,Top 8,Little Rock Arkansas,John Casey Willerton,Kashtira,Fiendsmith
Regional,NA,Top 8,Little Rock Arkansas,Dante Alfredo Silano,Ryzeal,Fiendsmith
Regional,NA,Top 8,Little Rock Arkansas,Khoa Anh Chau,Kashtira,Fiendsmith
Regional,NA,Top 8,Little Rock Arkansas,Colton Alan Taylor,Unknown,No Engine
Regional,NA,1st,San Diego California,Jesus Barrio,Rescue-ACE,Fiendsmith
Regional,NA,2nd,San Diego California,Kaihuang Zhang,Labrynth,No Engine
Regional,NA,Top 4,San Diego California,Ulises Aispuro,Maliss,Sky striker
Regional,NA,Top 4,San Diego California,Nicolas Phan,Unknown,No Engine
Regional,NA,Top 8,San Diego California,Christopher Djunaidi,Ryzeal,No Engine
Regional,NA,Top 8,San Diego California,Kenneth Li,Ryzeal,Fiendsmith
Regional,NA,Top 8,San Diego California,Trent Buras,Ryzeal,Fiendsmith
Regional,NA,Top 8,San Diego California,Alan Wang,Ryzeal,Fiendsmith
Regional,NA,1st,Lexington Discord Remote Duel,Franco Persano,Bystial,Fiendsmith
Regional,NA,2nd,Lexington Discord Remote Duel,Juan Miguel Medina,Ryzeal,Fiendsmith
Regional,NA,Top 4,Lexington Discord Remote Duel,Taiel Fernandez,Ryzeal,Fiendsmith
Regional,NA,Top 4,Lexington Discord Remote Duel,Mario Angelo De Micco,Tenpai Dragon,No Engine
Regional,NA,Top 8,Lexington Discord Remote Duel,Felipe Bisserier Zapata,Ryzeal,Fiendsmith
Regional,NA,Top 8,Lexington Discord Remote Duel,Steven Trifunoski,Tenpai Dragon,Fiendsmith
Regional,NA,Top 8,Lexington Discord Remote Duel,Cole Dylan Chad Maki,Unknown,No Engine
Regional,NA,Top 8,Lexington Discord Remote Duel,Hamzah Malik,Ryzeal,No Engine
Regional,EU,1st,Italy Altamura,Candeloro Sonny,Ryzeal,Fiendsmith
Regional,EU,2nd,Italy Altamura,Vitalba Gabriele,Kashtira,Fiendsmith
Regional,EU,Top 4,Italy Altamura,Dell´acqua Mattia,Ryzeal,Fiendsmith
Regional,EU,Top 4,Italy Altamura,Paradisi Massimo,Ryzeal,No Engine
Regional,EU,Top 8,Italy Altamura,Cassano Donato,Ryzeal,No Engine
Regional,EU,Top 8,Italy Altamura,Gioia Davide,Plant Link,No Engine
Regional,EU,Top 8,Italy Altamura,Antico Danny,Maliss,Sky striker
Regional,EU,Top 8,Italy Altamura,DiBari Tony,Memento,No Engine
Regional,EU,1st,Italy Saronno,Lorenzo Muselli,Ryzeal,Fiendsmith
Regional,EU,2nd,Italy Saronno,Timoti Baggio,Maliss,Sky striker
Regional,EU,Top 4,Italy Saronno,Michele Aimi,Ryzeal,Fiendsmith
Regional,EU,Top 4,Italy Saronno,Anthony Matriccian,Tenpai Dragon,Bystial
Regional,EU,Top 8,Italy Saronno,Filippo Morgante,Memento,Fiendsmith
Regional,EU,Top 8,Italy Saronno,Ivan Perini,Ryzeal,Fiendsmith
Regional,EU,Top 8,Italy Saronno,Francesco Spirito,Ryzeal,Fiendsmith Kash
Regional,EU,Top 8,Italy Saronno,Andrea Rocchi,Ryzeal,Fiendsmith
Regional,EU,1st,Greece Thessaloniki,Karatis Christos,Labrynth,No Engine
Regional,EU,2nd,Greece Thessaloniki,Kottoglou George,Maliss,Kashtira
Regional,EU,Top 4,Greece Thessaloniki,Chatzistavrou Charalampos,Maliss,Fiendsmith
Regional,EU,Top 4,Greece Thessaloniki,Tsavdaris Dimitris,Centur-Ion,Bystial
Regional,EU,Top 8,Greece Thessaloniki,George Manos,White Forest,Azamina FS
Regional,EU,Top 8,Greece Thessaloniki,Nakos Agamemnon,Ryzeal,Fiendsmith
Regional,EU,Top 8,Greece Thessaloniki,Styliades George,Ryzeal,No Engine
Regional,EU,Top 8,Greece Thessaloniki,Manolis Savoulidis,Maliss,No Engine
Regional,EU,1st,France Vitrolles,Lucas Lancelot,Ryzeal,Fiendsmith
Regional,EU,2nd,France Vitrolles,Paul Schuffenecker,Maliss,Sky striker
Regional,EU,Top 4,France Vitrolles,MIke Brucato,Ryzeal,Fiendsmith Bystial
Regional,EU,Top 4,France Vitrolles,Thibaut Billon,Maliss,Fiendsmith
Regional,EU,Top 8,France Vitrolles,Donovan Beriot,Mermail,No Engine
Regional,EU,Top 8,France Vitrolles,Yovann Valloire,Ryzeal,Fiendsmith
Regional,EU,Top 8,France Vitrolles,Damien Valla,Ryzeal,Fiendsmith
Regional,EU,Top 8,France Vitrolles,Mohamed Denhadji,Ryzeal,ToyBox
Regional,NA,1st,Richmond Virginia,Ian Louis Valle Aquino,Ryzeal,Fiendsmith
Regional,NA,2nd,Richmond Virginia,Jordan Philip Rosbottom,Maliss,Sky striker
Regional,NA,Top 4,Richmond Virginia,Joseph Bellafiore,Yubel,Fiendsmith
Regional,NA,Top 4,Richmond Virginia,Oscar Orlando Gallardo,Ryzeal,No Engine
Regional,NA,Top 8,Richmond Virginia,Francisco Murrel Rome,Ryzeal,Fiendsmith Bystial
Regional,NA,Top 8,Richmond Virginia,Zhenghao Shi,Ryzeal,Fiendsmith
Regional,NA,Top 8,Richmond Virginia,Steven John Logan,Memento,No Engine
Regional,NA,Top 8,Richmond Virginia,Alexander Vaughan Hosler,Ryzeal,Fiendsmith
Regional,SA,1st,Santiago Chile,Sebastian Alonso Salvatierra Leiva,Labrynth,No Engine
Regional,SA,2nd,Santiago Chile,Jose Antonio Jesus Castillo Aram,Maliss,Fiendsmith
Regional,SA,Top 4,Santiago Chile,Kevin Wing Hung Yu Sien,Maliss,No Engine
Regional,SA,Top 4,Santiago Chile,Andre Alejandro Arredondo Seguel,Maliss,Sky striker
Regional,SA,Top 8,Santiago Chile,Jose Tomas Mallea Velasquez,Maliss,Sky striker
Regional,SA,Top 8,Santiago Chile,Benjamin Ignacio Muñoz Mena,Memento,No Engine
Regional,SA,Top 8,Santiago Chile,Sebastian Ignacio Tadeo Galaz Est,Yubel,Fiendsmith
Regional,SA,Top 8,Santiago Chile,Chris Javier Aquilar Arellano,Voiceless Voice,No Engine
Regional,EU,1st,France Lyon,Ilias Fassi,Maliss,Bystial
Regional,EU,2nd,France Lyon,Jordan Chenais,Ryzeal,Fiendsmith
Regional,EU,Top 4,France Lyon,Edouard Tan,Maliss,Kashtira
Regional,EU,Top 4,France Lyon,Akim Leone,Ryzeal,Fiendsmith
Regional,EU,Top 8,France Lyon,Alexandre Stefanini,Magical Musketeer,Fiendsmith
Regional,EU,Top 8,France Lyon,Haris Hadj-Arab,Maliss,Fiendsmith
Regional,EU,Top 8,France Lyon,Benoit Sever,Ryzeal,Kashtira
Regional,EU,Top 8,France Lyon,Valentin Bouvard,Maliss,Fiendsmith
Regional,EU,1st,Tel Aviv Israel,Simon Hatav,Ryzeal,Fiendsmith Bystial
Regional,EU,2nd,Tel Aviv Israel,Lior Chen,Ritual Beast,Nemesis
Regional,EU,Top 4,Tel Aviv Israel,Or Barbi,Ryzeal,Fiendsmith Bystial
Regional,EU,Top 4,Tel Aviv Israel,Eyal Gold,Ryzeal,Fiendsmith Bystial
Regional,EU,Top 8,Tel Aviv Israel,Yonatan Refael,Fiendsmith,Adventure
Regional,EU,Top 8,Tel Aviv Israel,Niv Yaakobi,Ryzeal,Fiendsmith
Regional,EU,Top 8,Tel Aviv Israel,Yoav Lubobitz,Yubel,Fiendsmith
Regional,EU,Top 8,Tel Aviv Israel,Oded Moshe,Kashtira,Fiendsmith
Regional,NA,1st,Philadelphia Pennsylvania,Logan Samuel Shepard,Ryzeal,Fiendsmith
Regional,NA,2nd,Philadelphia Pennsylvania,Timothy William Roma,Maliss,Bystial
Regional,NA,Top 4,Philadelphia Pennsylvania,Logan MacMinn Coomes,Ryzeal,Fiendsmith
Regional,NA,Top 4,Philadelphia Pennsylvania,Manuel Wilfredo Bermudez,Maliss,Sky striker
Regional,NA,Top 8,Philadelphia Pennsylvania,Tyler Michael Johns,Maliss,Sky striker
Regional,NA,Top 8,Philadelphia Pennsylvania,John Michael Thraen,Maliss,Sky striker
Regional,NA,Top 8,Philadelphia Pennsylvania,Tyler Chase Bendel,Ryzeal,Fiendsmith
Regional,NA,Top 8,Philadelphia Pennsylvania,Sajidul Islam Chowdhury,Ryzeal,No Engine
Regional,NA,1st,Saskatoon Saskatchewan CAN,Ethan Robert Senecal,Ryzeal,Fiendsmith
Regional,NA,2nd,Saskatoon Saskatchewan CAN,Justice James Sparvier Kinequon,Ryzeal,Toy Box
Regional,NA,Top 4,Saskatoon Saskatchewan CAN,Matthew James Rossler,Voiceless Voice,No Engine
Regional,NA,Top 4,Saskatoon Saskatchewan CAN,Cole Dylan Chad Maki,Maliss,No Engine
Regional,NA,Top 8,Saskatoon Saskatchewan CAN,Kyle Joseph Wehage,Magical Musketeer,Fiendsmith Bystial
Regional,NA,Top 8,Saskatoon Saskatchewan CAN,Minsoo Kim,Magical Musketeer,Fiendsmith
Regional,NA,Top 8,Saskatoon Saskatchewan CAN,Akash Kumar Duggal,Maliss,Sky striker
Regional,NA,Top 8,Saskatoon Saskatchewan CAN,Ethan Zachary Caswell Wurst,Ryzeal,Fiendsmith
Regional,NA,1st,Rosemont Illinois,Joseph Francis Dietrich,Ryzeal,Fiendsmith
Regional,NA,2nd,Rosemont Illinois,Corey Joseph Bown,Maliss,Bystial
Regional,NA,Top 4,Rosemont Illinois,Michael Haynes Thomas,Ryzeal,Fiendsmith
Regional,NA,Top 4,Rosemont Illinois,Nicholas Ellis Simon,Ryzeal,Fiendsmith
Regional,NA,Top 8,Rosemont Illinois,Jared Andrew Mendel,Maliss,Fiendsmith
Regional,NA,Top 8,Rosemont Illinois,Brandan Nicholas Veltchev,Ritual Beast,Nemesis
Regional,NA,Top 8,Rosemont Illinois,Dominic Eduardo Couch,Ryzeal,No Engine
Regional,NA,Top 8,Rosemont Illinois,John Alexander Baker,Ryzeal,Fiendsmith
Regional,NA,1st,Greenville South Carolina,Aaron Hunter Levy,Labrynth,Fiendsmith Kash
Regional,NA,2nd,Greenville South Carolina,Logan Michael Kite,Maliss,Sky striker
Regional,NA,Top 4,Greenville South Carolina,Chandler Eugene Morrow,Ryzeal,Fiendsmith Bystial
Regional,NA,Top 4,Greenville South Carolina,Chase Jordan Lay,Ryzeal,No Engine
Regional,NA,Top 8,Greenville South Carolina,David Deandre Golightly,Kashtira,Fiendsmith
Regional,NA,Top 8,Greenville South Carolina,Matthew David Huddleston,Ryzeal,Fiendsmith
Regional,NA,Top 8,Greenville South Carolina,Joshua Andrew Mulkins,Ryzeal,Fiendsmith
Regional,NA,Top 8,Greenville South Carolina,Zakarle Lanier Guivas,Ryzeal,No Engine
Regional,NA,1st,Lexington Remote Duel,Evan Hornick,Dinomorphia,No Engine
Regional,NA,2nd,Lexington Remote Duel,Shanxiao Wan,Ryzeal,No Engine
Regional,NA,Top 4,Lexington Remote Duel,Brandon Taylor Conrad,Maliss,Fiendsmith
Regional,NA,Top 4,Lexington Remote Duel,Yang Cheng Hu,Unknown,No Engine
Regional,NA,Top 8,Lexington Remote Duel,Khoa Thua Khuc,Maliss,Kashtira
Regional,NA,Top 8,Lexington Remote Duel,Tristan Daniel Bridges,Ryzeal,Fiendsmith
Regional,NA,Top 8,Lexington Remote Duel,Emmanuel Lee Domingue,Unknown,No Engine
Regional,NA,Top 8,Lexington Remote Duel,Adam Miller,Tenpai Dragon,Fiendsmith Bystial
Regional,SA,1st,Cali Colombia,Alejandro Rivera Caicedo,Kashtira,Fiendsmith
Regional,SA,2nd,Cali Colombia,Pablo Cesar Dominguez Lamazares,Ryzeal,Fiendsmith
Regional,SA,Top 4,Cali Colombia,Cristian Camilo Quiceno Laurente,Ryzeal,Fiendsmith
Regional,SA,Top 4,Cali Colombia,Pedro Camilo Rojas Puertas,Maliss,Fiendsmith
Regional,SA,Top 8,Cali Colombia,Diego Cifuentes Hernandez,Unknown,No Engine
Regional,SA,Top 8,Cali Colombia,Leonardo Nieto Aguirre,Voiceless Voice,No Engine
Regional,SA,Top 8,Cali Colombia,Juan Francisco Alvarez Garcia,Voiceless Voice,No Engine
Regional,SA,Top 8,Cali Colombia,Jhon Alexander Ramirez Barberi,Unknown,No Engine
Regional,CA,1st,San Pedro Sula Honduras,Nelson Andino,Maliss,Bystial
Regional,CA,2nd,San Pedro Sula Honduras,Pierre Andree Landa Valladares,Ryzeal,Fiendsmith
Regional,CA,Top 4,San Pedro Sula Honduras,Jayson Fernando Sierra Sanchez,Dragon Link,Fiendsmith Bystial
Regional,CA,Top 4,San Pedro Sula Honduras,Jose Mario Mejia Romero,Ryzeal,Fiendsmith
Regional,CA,Top 8,San Pedro Sula Honduras,Oscar Eduardo Espinoza Mendez,Ryzeal,Fiendsmith
Regional,CA,Top 8,San Pedro Sula Honduras,Andrik David Ferrufino Carranza,Ryzeal,Fiendsmith
Regional,CA,Top 8,San Pedro Sula Honduras,David Osmundo Perdomo Ochoa,Maliss,Sky striker
Regional,CA,Top 8,San Pedro Sula Honduras,Luis Arturo Hernandez Cardona,Ryzeal,Fiendsmith
Regional,CA,1st,Kingston Jamaica,Unknown,Ryzeal,Fiendsmith
Regional,CA,2nd,Kingston Jamaica,Unknown,Ryzeal,No Engine
Regional,CA,Top 4,Kingston Jamaica,Unknown,Tenpai Dragon,Fiendsmith Kash
Regional,CA,Top 4,Kingston Jamaica,Unknown,Ryzeal,Fiendsmith
Regional,CA,Top 8,Kingston Jamaica,@SummonNod,Ryzeal,Melodious
Regional,CA,Top 8,Kingston Jamaica,Unknown,Centur-Ion,Bystial
Regional,CA,Top 8,Kingston Jamaica,Unknown,Fire King,Azamina
Regional,CA,Top 8,Kingston Jamaica,Unknown,Tenpai Dragon,Fiendsmith
Regional,EU,1st,France Secondigny,Got cancelled,,
Regional,EU,2nd,France Secondigny,Got cancelled,,
Regional,EU,Top 4,France Secondigny,Got cancelled,,
Regional,EU,Top 4,France Secondigny,Got cancelled,,
Regional,EU,Top 8,France Secondigny,Got cancelled,,
Regional,EU,Top 8,France Secondigny,Got cancelled,,
Regional,EU,Top 8,France Secondigny,Got cancelled,,
Regional,EU,Top 8,France Secondigny,Got cancelled,,
Regional,EU,1st,Spain Bilbao,David Lara,Tenpai Dragon,Fiendsmith Bystial
Regional,EU,2nd,Spain Bilbao,Unknown,Unknown,No Engine
Regional,EU,Top 4,Spain Bilbao,Unknown,Unknown,No Engine
Regional,EU,Top 4,Spain Bilbao,Unknown,Unknown,No Engine
Regional,EU,Top 8,Spain Bilbao,Unknown,Unknown,No Engine
Regional,EU,Top 8,Spain Bilbao,Piqui,Memento,No Engine
Regional,EU,Top 8,Spain Bilbao,Darin Ivanov,Maliss,No Engine
Regional,EU,Top 8,Spain Bilbao,AlejandroMF (El Guardián Celta),Ryzeal,Fiendsmith
Regional,EU,1st,Belgium CHARLEROI,Tim GrÄfe,Tenpai Dragon,Fiendsmith
Regional,EU,2nd,Belgium CHARLEROI,Gabriel Soussi,Maliss,No Engine
Regional,EU,Top 4,Belgium CHARLEROI,Gabriel Huart,Tenpai Dragon,Fiendsmith
Regional,EU,Top 4,Belgium CHARLEROI,Ben Kreutzkamp,Ryzeal,No Engine
Regional,EU,Top 8,Belgium CHARLEROI,Pierre Burgals,Ryzeal,Fiendsmith
Regional,EU,Top 8,Belgium CHARLEROI,NSE Edouard T,Maliss,Kashtira
Regional,EU,Top 8,Belgium CHARLEROI,Brioche Triangulaire,Dark World,No Engine
Regional,EU,Top 8,Belgium CHARLEROI,Guillaume Maron,Fiendsmith,Bystial
Regional,EU,1st,UK Gateshead,Andrew Thwaites,Ryzeal,Fiendsmith
Regional,EU,2nd,UK Gateshead,Nick Hopper,Ryzeal,Fiendsmith
Regional,EU,Top 4,UK Gateshead,Jake Mcgee,Ryzeal,Fiendsmith
Regional,EU,Top 4,UK Gateshead,Christian William,Ryzeal,Fiendsmith
Regional,EU,Top 8,UK Gateshead,Ben Sherman,Maliss,Azamina FS
Regional,EU,Top 8,UK Gateshead,Joshua Arron Jones,Ryzeal,Fiendsmith
Regional,EU,Top 8,UK Gateshead,Callum Lawrie,Ryzeal,Fiendsmith
Regional,EU,Top 8,UK Gateshead,Jordan Ghallager,Maliss,No Engine
OPEN,EU,1st,Italy,Mario Tarantino,Tenpai Dragon,Fiendsmith
OPEN,EU,2nd,Italy,Danilo Siracusa,Ryzeal,Fiendsmith Bystial
OPEN,EU,Top 4,Italy,Vittorio Simeone,Ryzeal,Fiendsmith
OPEN,EU,Top 4,Italy,Kevin De Rosa,Maliss,No Engine
OPEN,EU,Top 8,Italy,Giovanni Barone,Ryzeal,Fiendsmith
OPEN,EU,Top 8,Italy,Francesco Simoncelli,Maliss,Tenpai Dragon
OPEN,EU,Top 8,Italy,Antonio Di Bari,Memento,No Engine
OPEN,EU,Top 8,Italy,Marco Granieri,Unknown,No Engine
Regional,NA,1st,Hartford Connecticut,Emmanuel Sinclair Rayford,Ryzeal,No Engine
Regional,NA,2nd,Hartford Connecticut,Muntashir Hossain,Maliss,Fiendsmith
Regional,NA,Top 4,Hartford Connecticut,Timothy William Roma,Unknown,No Engine
Regional,NA,Top 4,Hartford Connecticut,Grant Maxwell Goetz,Memento,Fiendsmith
Regional,NA,Top 8,Hartford Connecticut,Orlando Junior Cuadros ,Ryzeal,No Engine
Regional,NA,Top 8,Hartford Connecticut,Liem Lee Thach,Unknown,No Engine
Regional,NA,Top 8,Hartford Connecticut,Sam Shepard,Unknown,No Engine
Regional,NA,Top 8,Hartford Connecticut,Michael Armento III,Unknown,No Engine
Regional,NA,1st,Columbus Ohio,Andrew Michael Wiggins,Ryzeal,Fiendsmith
Regional,NA,2nd,Columbus Ohio,Brandon Scott McGinnis,Ryzeal,Kashtira
Regional,NA,Top 4,Columbus Ohio,Gavin Jeffrey Charlikowsky,Ryzeal,Fiendsmith Bystial
Regional,NA,Top 4,Columbus Ohio,Cody Jay Bennett Morris,Ryzeal,Fiendsmith
Regional,NA,Top 8,Columbus Ohio,Adam Luke Herring,Melodious,No Engine
Regional,NA,Top 8,Columbus Ohio,Dylan Issak,Ryzeal,Fiendsmith
Regional,NA,Top 8,Columbus Ohio,Charley Ray Futch III,Ryzeal,Fiendsmith
Regional,NA,Top 8,Columbus Ohio,Phillip Justin Tate,Ryzeal,Fiendsmith Bystial
Regional,NA,1st,Niagara Falls CAN,Adam Pruchnowski ,Ryzeal,Fiendsmith
Regional,NA,2nd,Niagara Falls CAN,Rehan Ahmed Saeed,Maliss,Bystial
Regional,NA,Top 4,Niagara Falls CAN,Emad Al Kotobe,Maliss,Bystial
Regional,NA,Top 4,Niagara Falls CAN,Steven Santoli,Ryzeal,No Engine
Regional,NA,Top 8,Niagara Falls CAN,Thomas Klemens Ruetch,Ryzeal,No Engine
Regional,NA,Top 8,Niagara Falls CAN,Matthew Jesse McRae,Ryzeal,Fiendsmith
Regional,NA,Top 8,Niagara Falls CAN,Colin Blake Goodrich,Scareclaw,Kashtira
Regional,NA,Top 8,Niagara Falls CAN,Luca Matthew Jin Soo Choi,Ryzeal,Fiendsmith
Regional,NA,1st,Vancouver BC CAN,Omid T,Kashtira,No Engine
Regional,NA,2nd,Vancouver BC CAN,Ricardo G.,Maliss,Bystial
Regional,NA,Top 4,Vancouver BC CAN,Matthew W.,Maliss,Sky Striker
Regional,NA,Top 4,Vancouver BC CAN,Victor L.,Ryzeal,Fiendsmith
Regional,NA,Top 8,Vancouver BC CAN,He Chen J.,Ryzeal,Fiendsmith
Regional,NA,Top 8,Vancouver BC CAN,Orvee C. ,Ryzeal,Fiendsmith
Regional,NA,Top 8,Vancouver BC CAN,Tianshuai L. ,Ryzeal,Fiendsmith
Regional,NA,Top 8,Vancouver BC CAN,Timothy M. ,Ryzeal,Fiendsmith
Regional,NA,1st,Des Moines Iowa,Duncan Tucker,Maliss,Sky Striker
Regional,NA,2nd,Des Moines Iowa,Dominic Furr,Maliss,Sky Striker
Regional,NA,Top 4,Des Moines Iowa,Brian Kalina,Ryzeal,Fiendsmith
Regional,NA,Top 4,Des Moines Iowa,Ryne Hanson,Ryzeal,Fiendsmith
Regional,NA,Top 8,Des Moines Iowa,Kenneth Cember,Ryzeal,Fiendsmith
Regional,NA,Top 8,Des Moines Iowa,Shawn Ravi Nigam,Fiendsmith,Bystial
Regional,NA,Top 8,Des Moines Iowa,Thomas Sherard,Fiendsmith,Bystial
Regional,NA,Top 8,Des Moines Iowa,Jesse Calvin Boyer,Memento,Fiendsmith
Regional,NA,1st,Salem Oregon,Logan Patrick Johnson,Ryzeal,Fiendsmith
Regional,NA,2nd,Salem Oregon,Cash Alexander Crites,White Forest,Fiendsmith Bystial
Regional,NA,Top 4,Salem Oregon,Edward Carlos Schumm III,Ryzeal,Fiendsmith
Regional,NA,Top 4,Salem Oregon,John Howard Hamby,Ryzeal,Fiendsmith
Regional,NA,Top 8,Salem Oregon,Joseph Tae Eung Kang,Ryzeal,Fiendsmith
Regional,NA,Top 8,Salem Oregon,Samuel Craig III,Ryzeal,Bystial
Regional,NA,Top 8,Salem Oregon,Jaydon James Evans,Tenpai Dragon,Fiendsmith
Regional,NA,Top 8,Salem Oregon,Leonard Theil Francis,Dinomorphia,No Engine
Regional,NA,1st,Lexington Remote Duel,Evan Hornick,Dinomorphia,No Engine
Regional,NA,2nd,Lexington Remote Duel,Joshua Kippenberg,Ryzeal,Fiendsmith
Regional,NA,Top 4,Lexington Remote Duel,Steven Trifunoski,Tenpai Dragon,Sky Striker
Regional,NA,Top 4,Lexington Remote Duel,Hasan U.,Memento,No Engine
Regional,NA,Top 8,Lexington Remote Duel,Albert Gao Zhou,Ryzeal,Fiendsmith
Regional,NA,Top 8,Lexington Remote Duel,Hanton Horatio Sinclair,Rescue-ACE,No Engine
Regional,NA,Top 8,Lexington Remote Duel,Franco Persano,Fiendsmith,Bystial
Regional,NA,Top 8,Lexington Remote Duel,Abudlaziz Soud Alfadhli,Maliss,Sky Striker
Regional,CA,1st,Oaxaca de Juarez Mexico,Christopher Alvarado de la O,Ryzeal,Fiendsmith
Regional,CA,2nd,Oaxaca de Juarez Mexico,Abel Rito Aragon,Ryzeal,Fiendsmith
Regional,CA,Top 4,Oaxaca de Juarez Mexico,Rodrigo Manuel Lopez Gonzales,Ryzeal,Fiendsmith
Regional,CA,Top 4,Oaxaca de Juarez Mexico,Sergio Octavio Macias Gutierrez,Ryzeal,Sharks
Regional,CA,Top 8,Oaxaca de Juarez Mexico,Cesar Giovanny Victoria Betanzos,Maliss,No Engine
Regional,CA,Top 8,Oaxaca de Juarez Mexico,Jonathan Ramirez Matuz,Maliss,Sky Striker
Regional,CA,Top 8,Oaxaca de Juarez Mexico,Lorenzo Raziel Elorza Hernandez,Ryzeal,No Engine
Regional,CA,Top 8,Oaxaca de Juarez Mexico,Sergio Alberto Vazquez Ramirez,Ryzeal,Fiendsmith
Regional,CA,1st,San Jose Costa Rica,Juan Diego Gonzales,Ryzeal,Fiendsmith
Regional,CA,2nd,San Jose Costa Rica,Adrian Chavarria,Plant Link,No Engine
Regional,CA,Top 4,San Jose Costa Rica,Gerald South,Ryzeal,Fiendsmith
Regional,CA,Top 4,San Jose Costa Rica,Joshua Artavia,Dragon Link,Bystial
Regional,CA,Top 8,San Jose Costa Rica,Kevin Martinez,Ryzeal,Fiendsmith
Regional,CA,Top 8,San Jose Costa Rica,Marcelo Vargas,Ryzeal,Fiendsmith
Regional,CA,Top 8,San Jose Costa Rica,Esteban Mena,Ryzeal,Fiendsmith
Regional,CA,Top 8,San Jose Costa Rica,Ulises Mungia,Ryzeal,Fiendsmith
Regional,SA,1st,Guayaquil Ecuador,Jhon Guerrero,Ryzeal,Fiendsmith
Regional,SA,2nd,Guayaquil Ecuador,Juan Andrade,Ryzeal,Fiendsmith
Regional,SA,Top 4,Guayaquil Ecuador,Christopher Peñafiel,Ryzeal,No Engine
Regional,SA,Top 4,Guayaquil Ecuador,Jorge Dueñas,Ryzeal,Fiendsmith
Regional,SA,Top 8,Guayaquil Ecuador,Luis David Cada Aguilera,Maliss,Sky Striker
Regional,SA,Top 8,Guayaquil Ecuador,Fabricio Bermudez,Ryzeal,No Engine
Regional,SA,Top 8,Guayaquil Ecuador,Jean Flor,Tenpai Dragon,Fiendsmith Bystial
Regional,SA,Top 8,Guayaquil Ecuador,Felix Parra,Ryzeal,No Engine
Regional,CA,1st,C.d Guatemala Guatemala,Gabriel  Alejandro Martinez Velas,Maliss,No Engine
Regional,CA,2nd,C.d Guatemala Guatemala,Aldana Cobos Roberto,Ryzeal,Fiendsmith
Regional,CA,Top 4,C.d Guatemala Guatemala,Wilfredo Antonio Avelenda Soriano,Ryzeal,Fiendsmith
Regional,CA,Top 4,C.d Guatemala Guatemala,Alberto Francisco Campaigniac,Ryzeal,Fiendsmith
Regional,CA,Top 8,C.d Guatemala Guatemala,Luis Fernando Padilla Citan,Tenpai Dragon,Fiendsmith
Regional,CA,Top 8,C.d Guatemala Guatemala,Efrain Humberto Salazar Peraza,Ryzeal,Fiendsmith
Regional,CA,Top 8,C.d Guatemala Guatemala,Jorge Reynaldo Ayla Marroquin,Floowandereeze,No Engine
Regional,CA,Top 8,C.d Guatemala Guatemala,Luis Ernesto Canales Crespin,Voiceless Voice,No Engine
Regional,EU,1st,France Chateauroux,Ilias Fassi,Maliss,Bystial
Regional,EU,2nd,France Chateauroux,Wael Jebabra,Ryzeal,Fiendsmith
Regional,EU,Top 4,France Chateauroux,Walid Ben Abbes,Chimera,Fiendsmith
Regional,EU,Top 4,France Chateauroux,Louis Ferron,Unknown,No Engine
Regional,EU,Top 8,France Chateauroux,Noah Courtois,Centur-Ion,No Engine
Regional,EU,Top 8,France Chateauroux,Arthur Tamieu,Ryzeal,Fiendsmith
Regional,EU,Top 8,France Chateauroux,Romain Mineau,Unknown,No Engine
Regional,EU,Top 8,France Chateauroux,Vincent Dai,Ryzeal,Fiendsmith
Regional,EU,1st,Germany München,Felix Pfeiffer,Ryzeal,Fiendsmith
Regional,EU,2nd,Germany München,Jonas Dankesreiter,Yubel,Fiendsmith
Regional,EU,Top 4,Germany München,Blaschke Carl Philipp,Ryzeal,No Engine
Regional,EU,Top 4,Germany München,Payne,Ryzeal,Fiendsmith
Regional,EU,Top 8,Germany München,Siddigi Azaan,Maliss,No Engine
Regional,EU,Top 8,Germany München,Aldwin Christofer,Kashtira,Fiendsmith Bystial
Regional,EU,Top 8,Germany München,Patrick Lorenz,Maliss,No Engine
Regional,EU,Top 8,Germany München,Bauer Johannes,Maliss,No Engine
Regional,EU,1st,UK Chelmsford,Khaled Kbies ,Memento,Fiendsmith
Regional,EU,2nd,UK Chelmsford,Jack Cooper,Ryzeal,Fiendsmith
Regional,EU,Top 4,UK Chelmsford,Matthew Cane,Maliss,Sky Striker
Regional,EU,Top 4,UK Chelmsford,Karan Jaspal ,Maliss,Sky Striker
Regional,EU,Top 8,UK Chelmsford,Mel Davies,Yubel,Fiendsmith Kash
Regional,EU,Top 8,UK Chelmsford,Massimiliano Lucci ,Ryzeal,Fiendsmith
Regional,EU,Top 8,UK Chelmsford,Darshan R,Ryzeal,Fiendsmith
Regional,EU,Top 8,UK Chelmsford,Joe Dunthorne,Ryzeal,No Engine
Regional,EU,1st,Italy Bergamo (BG),Alessandro Boniolo,Ryzeal,No Engine
Regional,EU,2nd,Italy Bergamo (BG),Giannoccaro Davide,Memento,Goblin Biker
Regional,EU,Top 4,Italy Bergamo (BG),Perini Ivan,Ryzeal,Fiendsmith Bystial
Regional,EU,Top 4,Italy Bergamo (BG),Marra Giuseppe,Tenpai Dragon,Fiendsmith Bystial
Regional,EU,Top 8,Italy Bergamo (BG),Benevides Marcos,Ryzeal,Fiendsmith
Regional,EU,Top 8,Italy Bergamo (BG),Papini Francesco,Ryzeal,Fiendsmith
Regional,EU,Top 8,Italy Bergamo (BG),Sessa Andrea,Ryzeal,Fiendsmith Bystial
Regional,EU,Top 8,Italy Bergamo (BG),Grassi Luca,Ryzeal,Fiendsmith
Regional,EU,1st,UK Peterborough,Josh Kelly,Maliss,Bystial
Regional,EU,2nd,UK Peterborough,Jacob Kendrick,Maliss,Fiendsmith
Regional,EU,Top 4,UK Peterborough,James Carey,Magical Musketeer,Fiendsmith
Regional,EU,Top 4,UK Peterborough,Jack Cooper,Ryzeal,Fiendsmith
Regional,EU,Top 8,UK Peterborough,Ben Challoner,Ryzeal,Fiendsmith
Regional,EU,Top 8,UK Peterborough,Teddy K,Ryzeal,No Engine
Regional,EU,Top 8,UK Peterborough,Tyler Thorn,Ryzeal,Fiendsmith
Regional,EU,Top 8,UK Peterborough,Joe Dunthorne ,Ryzeal,No Engine
Regional,EU,1st,Germany  Montabaur,Niko Schlierkamp,Ryzeal,Fiendsmith
Regional,EU,2nd,Germany  Montabaur,Elmahdi ,Ryzeal,No Engine
Regional,EU,Top 4,Germany  Montabaur,Luca Marmulla,Maliss,Fiendsmith
Regional,EU,Top 4,Germany  Montabaur,Simon He,Tenpai Dragon,Fiendsmith Bystial
Regional,EU,Top 8,Germany  Montabaur,Julius Schwarzkopf,Tenpai Dragon,Sky Striker
Regional,EU,Top 8,Germany  Montabaur,Jimbey,Maliss,Sky Striker
Regional,EU,Top 8,Germany  Montabaur,Fadil O.,Ryzeal,Fiendsmith
Regional,EU,Top 8,Germany  Montabaur,Serkan Eker,Ryzeal,Fiendsmith
Regional,EU,1st,Italy Bologna,Ifran Khan,Ryzeal,No Engine
Regional,EU,2nd,Italy Bologna,Daniele Chiarenza,Unknown,No Engine
Regional,EU,Top 4,Italy Bologna,Luigi Iorio,Memento,No Engine
Regional,EU,Top 4,Italy Bologna,Davide Garavini,Unknown,No Engine
Regional,EU,Top 8,Italy Bologna,Filippo Cusin,Maliss,Fiendsmith Bystial
Regional,EU,Top 8,Italy Bologna,Davide Vallero,Maliss,Sky Striker
Regional,EU,Top 8,Italy Bologna,Diego Ganzerli,Tenpai Dragon,Fiendsmith Bystial
Regional,EU,Top 8,Italy Bologna,Andrea Raciti,Unknown,No Engine
OPEN,EU,1st,Spain,Daniel Gutierrez,Ryzeal,No Engine
OPEN,EU,2nd,Spain,Laura Hanych,Maliss,Sky Striker
OPEN,EU,Top 4,Spain,Ricardo Couso López,Tenpai Dragon,Azamina Kash
OPEN,EU,Top 4,Spain,Omar Alejandro,Voiceless Voice,No Engine
OPEN,EU,Top 8,Spain,Juan Manuel López,Tenpai Dragon,Fiendsmith
OPEN,EU,Top 8,Spain,Andrei Brinza,Ryzeal,Fiendsmith
OPEN,EU,Top 8,Spain,Andrés García,Goblin Biker,No Engine
OPEN,EU,Top 8,Spain,Alex Yang,Ryzeal,No Engine
Regional,EU,1st,Sofia Bulgaria,Georgi Asenov,Gimmick Puppet,Horus
Regional,EU,2nd,Sofia Bulgaria,Konstantine Ivanov,Ryzeal,Fiendsmith
Regional,EU,Top 4,Sofia Bulgaria,Kostadin Kasabov,Tenpai Dragon,Bystial
Regional,EU,Top 4,Sofia Bulgaria,Stoyan Murdzhev,Tenpai Dragon,Sky Striker
Regional,EU,Top 8,Sofia Bulgaria,Yoan Gutsin,Maliss,Sky Striker
Regional,EU,Top 8,Sofia Bulgaria,Kristiyan Andreev,Thunder Dragon,Fiendsmith
Regional,EU,Top 8,Sofia Bulgaria,Nikolay Kodzhahristov,Ryzeal,Fiendsmith
Regional,EU,Top 8,Sofia Bulgaria,Nikolay Kodzhahristov,Yubel,Fiendsmith
Regional,NA,1st,Goodlettsville Tennesee,Matthew Huddleston,Ryzeal,Fiendsmith
Regional,NA,2nd,Goodlettsville Tennesee,Ronald Llopis Jr,Ryzeal,No Engine
Regional,NA,Top 4,Goodlettsville Tennesee,Daniel William Thomley,Ryzeal,Fiendsmith
Regional,NA,Top 4,Goodlettsville Tennesee,Andrew Colin Williams,Maliss,Fiendsmith
Regional,NA,Top 8,Goodlettsville Tennesee,David Deandre Golightly,Kashtira,Fiendsmith
Regional,NA,Top 8,Goodlettsville Tennesee,Matthew Keith Breeze,Maliss,No Engine
Regional,NA,Top 8,Goodlettsville Tennesee,Conner Wesley,Ryzeal,Fiendsmith
Regional,NA,Top 8,Goodlettsville Tennesee,Clifton Land,Ryzeal,Fiendsmith
Regional,NA,1st,Mobile Alabama,Ranveer Singh Uppal,Maliss,Sky striker
Regional,NA,2nd,Mobile Alabama,Nicholas Grissom,Ryzeal,Fiendsmith
Regional,NA,Top 4,Mobile Alabama,Nathan Lagrone,Ryzeal,Fiendsmith
Regional,NA,Top 4,Mobile Alabama,Zackary Brandon Lehtola,Ryzeal,Fiendsmith
Regional,NA,Top 8,Mobile Alabama,Trevor Glenn Commer,Ryzeal,Fiendsmith
Regional,NA,Top 8,Mobile Alabama,David Deandre Golightly,Kashtira,Fiendsmith
Regional,NA,Top 8,Mobile Alabama,Nicholaus Christopher Bryan Parijs,Tenpai Dragon,Sky striker
Regional,NA,Top 8,Mobile Alabama,Treaton Payne Kellner,Maliss,Bystial
Regional,NA,1st,Santa Clara Califormia,Julien Leo Kehon,Ryzeal,Fiendsmith
Regional,NA,2nd,Santa Clara Califormia,Mason William Blake,Ryzeal,Fiendsmith
Regional,NA,Top 4,Santa Clara Califormia,Brian Chen,Ryzeal,Mitsurugi
Regional,NA,Top 4,Santa Clara Califormia,Adam Joseph Hartley,Ryzeal,Fiendsmith
Regional,NA,Top 8,Santa Clara Califormia,Dylan Maxwell Graves,Maliss,Sky striker
Regional,NA,Top 8,Santa Clara Califormia,Nathan Shigeo Shimada,Ryzeal,Mitsurugi
Regional,NA,Top 8,Santa Clara Califormia,Andrew Phillip Amaro Olivo,Ryzeal,Fiendsmith
Regional,NA,Top 8,Santa Clara Califormia,Michael Park,Ryzeal,Mitsurugi
Regional,NA,1st,Minneapolis Minnesota,Andrew Michael Luebke,Ryzeal,Fiendsmith
Regional,NA,2nd,Minneapolis Minnesota,Thong Lee,Mermail,No Engine
Regional,NA,Top 4,Minneapolis Minnesota,Joseph Daniel Miskowiec,Crystron,Horus
Regional,NA,Top 4,Minneapolis Minnesota,Zohair Ismail Khan,Ryzeal,Fiendsmith
Regional,NA,Top 8,Minneapolis Minnesota,Joseph Mark Fierro,Vanquish Soul,No Engine
Regional,NA,Top 8,Minneapolis Minnesota,Caleb Lee Venegas,Ryzeal,Fiendsmith
Regional,NA,Top 8,Minneapolis Minnesota,Tristan James Reep,Ryzeal,Mitsurugi
Regional,NA,Top 8,Minneapolis Minnesota,Adam Thomas Ottoson,Tenpai Dragon,Fiendsmith Kash
Regional,NA,1st,Remote Duel CA,Rudra V Vidyasagar,Maliss,No Engine
Regional,NA,2nd,Remote Duel CA,Steven J. Trifunoski,Ryzeal,Mitsurugi
Regional,NA,Top 4,Remote Duel CA,James Allen Sun Markowitz,Ryzeal,Fiendsmith
Regional,NA,Top 4,Remote Duel CA,Abdelrahman Maher Sweiti,Maliss,Bystial
Regional,NA,Top 8,Remote Duel CA,Hanton Horatio Sinclair,Rescue-ACE,No Engine
Regional,NA,Top 8,Remote Duel CA,Alexander Vladimir Mendizabal,Unknown,No Engine
Regional,NA,Top 8,Remote Duel CA,Gabriel Hernandez Muñoz,Ryzeal,Fiendsmith
Regional,NA,Top 8,Remote Duel CA,Noah James Ochs,Ryzeal,Mitsurugi
Regional,NA,1st,Salem Oregon,Matthew William Bauer,Ryzeal,Fiendsmith Bystial
Regional,NA,2nd,Salem Oregon,Jonathan Gerena Cruz Gerena,Ryzeal,No Engine
Regional,NA,Top 4,Salem Oregon,Michael Mekeber Sarkis,Mermail,No Engine
Regional,NA,Top 4,Salem Oregon,Dominic Matthew Mangiardi,Tenpai Dragon,Fiendsmith
Regional,NA,Top 8,Salem Oregon,Griffin Carl Meier,Ryzeal,Fiendsmith Bystial
Regional,NA,Top 8,Salem Oregon,Eliseo Cole Dill,Maliss,Bystial
Regional,NA,Top 8,Salem Oregon,Jesse Alexander Tapia,Maliss,No Engine
Regional,NA,Top 8,Salem Oregon,Matthew Andrew Chell,Ryzeal,Fiendsmith
Regional,NA,1st,Richmond Virginia,Karan Sharma,Primite,Fiendsmith Bystial
Regional,NA,2nd,Richmond Virginia,Anthony Nicholas Confletti,Memento,No Engine
Regional,NA,Top 4,Richmond Virginia,Pearson Joshua Batitto,Maliss,No Engine
Regional,NA,Top 4,Richmond Virginia,Alexander Ryan Frazier,Ryzeal,Mitsurugi
Regional,NA,Top 8,Richmond Virginia,Jaime Daniel Mejia,Ryzeal,Fiendsmith
Regional,NA,Top 8,Richmond Virginia,Matthew Curtis Grooms,Maliss,Bystial
Regional,NA,Top 8,Richmond Virginia,Edward David Witol,Mermail,No Engine
Regional,NA,Top 8,Richmond Virginia,David Saul Hernandez Cordon,Ryzeal,Mitsurugi
Regional,SA,1st,Guayaquil Ecuador,Jordy David Moreira Gomez,Ryzeal,Fiendsmith
Regional,SA,2nd,Guayaquil Ecuador,Oscar Naranjo,Ryzeal,Shark
Regional,SA,Top 4,Guayaquil Ecuador,Juan Sebastian Andrade Castro,Ryzeal,Fiendsmith
Regional,SA,Top 4,Guayaquil Ecuador,Carlos Eduardo Barba Pozo,Kashtira,No Engine
Regional,SA,Top 8,Guayaquil Ecuador,Paul David Delgado Rezabala,Ryzeal,Fiendsmith
Regional,SA,Top 8,Guayaquil Ecuador,Jhonny Patricio Suarez Cedeno,Ryzeal,Fiendsmith
Regional,SA,Top 8,Guayaquil Ecuador,Anthony Javier Carrillo Vega,Ryzeal,Fiendsmith
Regional,SA,Top 8,Guayaquil Ecuador,Gustavo Raul Lucas Gomez,Maliss,Sky striker
Regional,CA,1st,Monterrey Mexico,Joan Ivan Saavedra Vidales,Ryzeal,Fiendsmith
Regional,CA,2nd,Monterrey Mexico,Edgar Gerardo Rodriguez Muñoz,White Forest,Azamina
Regional,CA,Top 4,Monterrey Mexico,Rodrigo Manuel Lopez Gonzales,Ryzeal,Fiendsmith
Regional,CA,Top 4,Monterrey Mexico,Angel Velazquez Acosta,Ryzeal,Fiendsmith
Regional,CA,Top 8,Monterrey Mexico,Arturo Iradier Monsivais Zamora,Ryzeal,No Engine
Regional,CA,Top 8,Monterrey Mexico,Juan Fernando Martinez,Ryzeal,Toy Box
Regional,CA,Top 8,Monterrey Mexico,Jesus Alejandro Ramirez Vega,Ryzeal,Mitsurugi
Regional,CA,Top 8,Monterrey Mexico,Rafael Perea Gallardos,Ryzeal,Fiendsmith Bystial
Regional,SA,1st,Trujillo Peru,Gonzalo Catacora,Ryzeal,Mitsurugi
Regional,SA,2nd,Trujillo Peru,Anaya Bermudez Santiago Andres,Ryzeal,Mitsurugi
Regional,SA,Top 4,Trujillo Peru,Alzamora Jose,White Forest,Azamina FS
Regional,SA,Top 4,Trujillo Peru,Michelle Mellet,Maliss,Fiendsmith
Regional,SA,Top 8,Trujillo Peru,Victor Manuel Gonzales Merejildo,Maliss,No Engine
Regional,SA,Top 8,Trujillo Peru,Alvaro Fernando Ponce Peralta,Ryzeal,Fiendsmith
Regional,SA,Top 8,Trujillo Peru,Jorge Luis Lengua Navarro,Ryzeal,Mitsurugi
Regional,SA,Top 8,Trujillo Peru,Renato Romero Lopez,Ryzeal,Fiendsmith
Regional,EU,1st,Netherlands Spijkenisse,Bart,Maliss,Bystial
Regional,EU,2nd,Netherlands Spijkenisse,Dave Vecht,Maliss,Fiendsmith
Regional,EU,Top 4,Netherlands Spijkenisse,iStudying,Ryzeal,No Engine
Regional,EU,Top 4,Netherlands Spijkenisse,Cobbles,Ryzeal,Fiendsmith
Regional,EU,Top 8,Netherlands Spijkenisse,SupremePride,Crystron,No Engine
Regional,EU,Top 8,Netherlands Spijkenisse,"Pak Pamornsut, WTF PAK IN EU??!",Maliss,Bystial
Regional,EU,Top 8,Netherlands Spijkenisse,ChainGregs,White Forest,Azamina FS
Regional,EU,Top 8,Netherlands Spijkenisse,Team Omega,Ryzeal,Fiendsmith
Regional,EU,1st,Spain Gijón,Julio Valls Laporta,Maliss,No Engine
Regional,EU,2nd,Spain Gijón,Kevin Santos Sanchez,Ryzeal,Fiendsmith
Regional,EU,Top 4,Spain Gijón,Mica Voldam,Maliss,Danger
Regional,EU,Top 4,Spain Gijón,Unknown,Ryzeal,Fiendsmith
Regional,EU,Top 8,Spain Gijón,Unknown,Maliss,Bystial
Regional,EU,Top 8,Spain Gijón,@Bara_32,Ryzeal,Mitsurugi
Regional,EU,Top 8,Spain Gijón,Aspron,Voiceless Voice,Fiendsmith
Regional,EU,Top 8,Spain Gijón,Grande Sánchez Francisco Javier,Mermail,No Engine
Regional,EU,1st,France Saintes,Donovan Leblanc,Ryzeal,No Engine
Regional,EU,2nd,France Saintes,Alexandre Le Pat,Ryzeal,Mitsurugi
Regional,EU,Top 4,France Saintes,Thomas Vignaud,Maliss,Bystial
Regional,EU,Top 4,France Saintes,@Caillouman,Ryzeal,No Engine
Regional,EU,Top 8,France Saintes,Axel NoËl,Ryzeal,Fiendsmith Bystial
Regional,EU,Top 8,France Saintes,@SD ,Ryzeal,Fiendsmith
Regional,EU,Top 8,France Saintes,Quentin F.,Ryzeal,Bystial
Regional,EU,Top 8,France Saintes,Tiphaine Thomas,Ryzeal,No Engine
Regional,EU,1st,Italy Palermo,Matteo Mastroianni,Ryzeal,Mitsurugi
Regional,EU,2nd,Italy Palermo,Andrea Militano,Ryzeal,Fiendsmith
Regional,EU,Top 4,Italy Palermo,Don Pelayo TCG,Ryzeal,No Engine
Regional,EU,Top 4,Italy Palermo,Matteo Cannataro,Ryzeal,Fiendsmith Bystial
Regional,EU,Top 8,Italy Palermo,Unknown,Unknown,No Engine
Regional,EU,Top 8,Italy Palermo,Calogero Dirosa,Voiceless Voice,No Engine
Regional,EU,Top 8,Italy Palermo,Massimo Glorioso,Tenpai Dragon,Fiendsmith Bystial
Regional,EU,Top 8,Italy Palermo,Giuseppe Pomo,Ryzeal,Fiendsmith
Regional,EU,1st,Italy Palermo,Unknown,Deck,Engine
Regional,EU,2nd,Italy Palermo,Unknown,Deck,Engine
Regional,EU,Top 4,Italy Palermo,Unknown,Deck,Engine
Regional,EU,Top 4,Italy Palermo,Unknown,Deck,Engine
Regional,EU,Top 8,Italy Palermo,Unknown,Deck,Engine
Regional,EU,Top 8,Italy Palermo,Unknown,Deck,Engine
Regional,EU,Top 8,Italy Palermo,Unknown,Deck,Engine
Regional,EU,Top 8,Italy Palermo,Unknown,Deck,Engine
Regional,EU,1st,South Africa Umhlanga,Caleb Amos,Ryzeal,Fiendsmith
Regional,EU,2nd,South Africa Umhlanga,Sandesh Chand,Maliss,No Engine
Regional,EU,Top 4,South Africa Umhlanga,Sashin Naidoo,Ryzeal,No Engine
Regional,EU,Top 4,South Africa Umhlanga,Moegamad Conrad,Maliss,No Engine
Regional,EU,Top 8,South Africa Umhlanga,Preolin Camaren Naidoo,Labrynth,No Engine
Regional,EU,Top 8,South Africa Umhlanga,James Feldman,Maliss,No Engine
Regional,EU,Top 8,South Africa Umhlanga,Tristen Buchan-Swanson,Goblin Biker,No Engine
Regional,EU,Top 8,South Africa Umhlanga,Yubeshin Moodley,Tenpai Dragon,Sky striker
Regional,EU,1st,Ljubljana,Tevz,Maliss,No Engine
Regional,EU,2nd,Ljubljana,RyomenSukuna,Ryzeal,Fiendsmith
Regional,EU,Top 4,Ljubljana,Sbylol,White Forest,Azamina
Regional,EU,Top 4,Ljubljana,Ksvin01,Ryzeal,Fiendsmith
Regional,EU,Top 8,Ljubljana,Blaz Didic.,Ryzeal,Mitsurugi
Regional,EU,Top 8,Ljubljana,Mitja K,Ryzeal,Fiendsmith
Regional,EU,Top 8,Ljubljana,Melvin Sardi,Crystron,No Engine
Regional,EU,Top 8,Ljubljana,Lukas Unterwaditzer,Ryzeal,No Engine
YCS,NA,1st,Orlando Florida,Tayveon Garrett Crowley,Ryzeal,Fiendsmith
YCS,NA,2nd,Orlando Florida,Benjamin Elliot Tamarkin,Ryzeal,Mitsurugi
YCS,NA,Top 4,Orlando Florida,Julien Leo Kehon,Ryzeal,Fiendsmith
YCS,NA,Top 4,Orlando Florida,Jeffrey Michael Alexander Jones,Maliss,Bystial
YCS,NA,Top 8,Orlando Florida,Gabriel Idris Braithwaite,Maliss,Bystial
YCS,NA,Top 8,Orlando Florida,Darmond Rushaunn Dixon,Ryzeal,No Engine
YCS,NA,Top 8,Orlando Florida,Ethan Scott Crowe,Ryzeal,Fiendsmith
YCS,NA,Top 8,Orlando Florida,Clifton Scott Land II,Ryzeal,Fiendsmith
YCS,NA,Top 16,Orlando Florida,Logan Michael Kite,Maliss,Bystial
YCS,NA,Top 16,Orlando Florida,Michael Joseph Gold Jr.,Maliss,Fiendsmith
YCS,NA,Top 16,Orlando Florida,Aditya Shirish Dharap,Maliss,Bystial
YCS,NA,Top 16,Orlando Florida,Jose Luis Santiago Torres,Ryzeal,Fiendsmith
YCS,NA,Top 16,Orlando Florida,David July Flores,Ryzeal,Fiendsmith
YCS,NA,Top 16,Orlando Florida,Manan Bhandari,Ryzeal,Mitsurugi
YCS,NA,Top 16,Orlando Florida,Adrian Gonzalez,Ryzeal,No Engine
YCS,NA,Top 16,Orlando Florida,Derek Charles Mead,Tenpai Dragon,Sky Striker
YCS,NA,Top 32,Orlando Florida,David Deandre Golightly,Kashtira,Fiendsmith
YCS,NA,Top 32,Orlando Florida,Christopher David Cushman,Maliss,Bystial
YCS,NA,Top 32,Orlando Florida,Robert Taylor Weathers,Maliss,Bystial
YCS,NA,Top 32,Orlando Florida,Minh Le Pham,Maliss,Bystial
YCS,NA,Top 32,Orlando Florida,Alexander Durham Jarvis,Maliss,Bystial
YCS,NA,Top 32,Orlando Florida,Brandon Chang,Mermail,No Engine
YCS,NA,Top 32,Orlando Florida,Carlos Luis Perozo Moreno,Ryzeal,Fiendsmith
YCS,NA,Top 32,Orlando Florida,Hisam Yasser Jawhari,Ryzeal,Fiendsmith
YCS,NA,Top 32,Orlando Florida,George Lucas Sacco,Ryzeal,Fiendsmith
YCS,NA,Top 32,Orlando Florida,Levi James Dudley,Ryzeal,Fiendsmith
YCS,NA,Top 32,Orlando Florida,Dante Alfredo Silano,Ryzeal,Fiendsmith
YCS,NA,Top 32,Orlando Florida,Mitchell Ryan Martin,Ryzeal,Fiendsmith
YCS,NA,Top 32,Orlando Florida,Adriel Ernst Pierre Pierre,Ryzeal,Fiendsmith
YCS,NA,Top 32,Orlando Florida,Colin Blake Goodrich,Ryzeal,Fiendsmith
YCS,NA,Top 32,Orlando Florida,Denis Nadas,Ryzeal,Fiendsmith
YCS,NA,Top 32,Orlando Florida,Jesse Dean Kotton,Ryzeal,Mitsurugi
YCS,NA,Top 64,Orlando Florida,Sebastian Wesley Todd,Fiendsmith,Bystial
YCS,NA,Top 64,Orlando Florida,Cristian Rafael Urena,Fiendsmith,Bystial
YCS,NA,Top 64,Orlando Florida,Mario Angelo De Micco,Fiendsmith,Bystial
YCS,NA,Top 64,Orlando Florida,Carlos Gabriel Baez Velez,Maliss,Fiendsmith
YCS,NA,Top 64,Orlando Florida,James Miles Valentino,Maliss,Bystial
YCS,NA,Top 64,Orlando Florida,Minsu Park,Maliss,Bystial
YCS,NA,Top 64,Orlando Florida,Micheal Kyle Walters,Maliss,Bystial
YCS,NA,Top 64,Orlando Florida,Andrew Colin Williams,Maliss,Bystial
YCS,NA,Top 64,Orlando Florida,Michael Joseph Ehresman,Maliss,Bystial
YCS,NA,Top 64,Orlando Florida,Richard N. NJ An,Maliss,Bystial
YCS,NA,Top 64,Orlando Florida,Jean Paul Alberto Perez Alonzo,Maliss,Bystial
YCS,NA,Top 64,Orlando Florida,Matthew Evan Harris Vanden,Maliss,Bystial
YCS,NA,Top 64,Orlando Florida,Duncan Henry Tucker,Maliss,Bystial
YCS,NA,Top 64,Orlando Florida,Stephen Scott Klaus,Mermail,No Engine
YCS,NA,Top 64,Orlando Florida,Sebastian Andres Sanchez,Primite,Fiendsmith Bystial
YCS,NA,Top 64,Orlando Florida,Justin Chase Russell,Ryzeal,Fiendsmith
YCS,NA,Top 64,Orlando Florida,Shaw Rai,Ryzeal,Fiendsmith
YCS,NA,Top 64,Orlando Florida,Logan Patrick Johnson,Ryzeal,Fiendsmith
YCS,NA,Top 64,Orlando Florida,Mi Blythe Windus,Ryzeal,Fiendsmith
YCS,NA,Top 64,Orlando Florida,John Alexander Wilkin,Ryzeal,Fiendsmith
YCS,NA,Top 64,Orlando Florida,Johnson Mitchell Griggs,Ryzeal,Fiendsmith Bystial
YCS,NA,Top 64,Orlando Florida,Bailey Chandler Peters,Ryzeal,Fiendsmith Bystial
YCS,NA,Top 64,Orlando Florida,Giancarlo Valdez Tolentino,Ryzeal,Fiendsmith Bystial
YCS,NA,Top 64,Orlando Florida,Julian Andrew Cresto,Ryzeal,Fiendsmith Bystial
YCS,NA,Top 64,Orlando Florida,Rolando Yahir Lourido Matos,Ryzeal,Fiendsmith Bystial
YCS,NA,Top 64,Orlando Florida,Daniel Coto Grosser,Ryzeal,Mitsurugi
YCS,NA,Top 64,Orlando Florida,Steven Trifunoski,Ryzeal,Mitsurugi
YCS,NA,Top 64,Orlando Florida,Nathan Shigeo Shimada,Ryzeal,Mitsurugi
YCS,NA,Top 64,Orlando Florida,Carlos Daniel Marrero Cortina,Ryzeal,Mitsurugi
YCS,NA,Top 64,Orlando Florida,Luka Kovac,Ryzeal,No Engine
YCS,NA,Top 64,Orlando Florida,Steven Santoli,Ryzeal,No Engine
YCS,NA,Top 64,Orlando Florida,Trevor Lee McInnes,Tenpai Dragon,Fiendsmith Bystial
Regional,NA,1st,Lubbock Texas,Israel Figueroa,Maliss,Bystial
Regional,NA,2nd,Lubbock Texas,Caden Ricky Mau,Maliss,No Engine
Regional,NA,Top 4,Lubbock Texas,Todd Davlin Denning,Unknown,No Engine
Regional,NA,Top 4,Lubbock Texas,Tyler Ray Wilson,Crystron,No Engine
Regional,NA,Top 8,Lubbock Texas,Javier Portillo Chavez,Unknown,No Engine
Regional,NA,Top 8,Lubbock Texas,Brian Lee Perez,Maliss,No Engine
Regional,NA,Top 8,Lubbock Texas,Ramon Matthew Turner Jr.,White Forest,Azamina
Regional,NA,Top 8,Lubbock Texas,Roberto Carlos Flotte,Ryzeal,Fiendsmith
Regional,NA,1st,Winnipeg MB Canada,Gabriel Christopher Noel Neapew,Crystron,No Engine
Regional,NA,2nd,Winnipeg MB Canada,Mark Anthony Banderada Gonzales,Unknown,No Engine
Regional,NA,Top 4,Winnipeg MB Canada,Mark Allen Saliva,Unknown,No Engine
Regional,NA,Top 4,Winnipeg MB Canada,Rob Chester Nava Domingo,Maliss,Bystial
Regional,NA,Top 8,Winnipeg MB Canada,Eric John Frederick Niemi,Ryzeal,Fiendsmith
Regional,NA,Top 8,Winnipeg MB Canada,Joshua Zachary Smith,White Forest,Azamina
Regional,NA,Top 8,Winnipeg MB Canada,Jeremiah Stephen Pagulayan,Ryzeal,Mitsurugi
Regional,NA,Top 8,Winnipeg MB Canada,Joshua Donald Chicago,Kashtira,Fiendsmith
Regional,SA,1st,Buenos Aires Argentina,Leandro Riolo,Ryzeal,Fiendsmith
Regional,SA,2nd,Buenos Aires Argentina,Tomas Dughera,Ryzeal,Fiendsmith
Regional,SA,Top 4,Buenos Aires Argentina,Luis Sequera,Mermail,No Engine
Regional,SA,Top 4,Buenos Aires Argentina,Francisco Zunino,Ryzeal,No Engine
Regional,SA,Top 8,Buenos Aires Argentina,Nicolas Caceres,Memento,Goblin Biker
Regional,SA,Top 8,Buenos Aires Argentina,Jonathan Mujica,Crystron,Horus
Regional,SA,Top 8,Buenos Aires Argentina,Nazareno Leone,Voiceless Voice,No Engine
Regional,SA,Top 8,Buenos Aires Argentina,Ezequiel Ledesma -,Tenpai Dragon,Sky Striker
Regional,SA,1st,La Paz Bolivia,Eddie Alba,Ryzeal,No Engine
Regional,SA,2nd,La Paz Bolivia,Alberzon Ajata,Maliss,No Engine
Regional,SA,Top 4,La Paz Bolivia,Jose Estrada,Tenpai Dragon,No Engine
Regional,SA,Top 4,La Paz Bolivia,Edson Ramirez,Ryzeal,No Engine
Regional,SA,Top 8,La Paz Bolivia,Bacarreza Castro Cristian Carlos,Ogdoadic,Mitsurugi
Regional,SA,Top 8,La Paz Bolivia,Chavez Andrade Gary Roger,Unknown,No Engine
Regional,SA,Top 8,La Paz Bolivia,Villafuerte Rueda Raul,Unknown,No Engine
Regional,SA,Top 8,La Paz Bolivia,Alfredo Crespo Bedregal,Maliss,Bystial
Regional,SA,1st,Concepción Chile,Jose Pedro Opazo Bustos,Centur-Ion,Bystial
Regional,SA,2nd,Concepción Chile,Lucas Eduardo Constanzo Ramirez,Ice Barrier,No Engine
Regional,SA,Top 4,Concepción Chile,Benjamin Fernandez Guerra,Ryzeal,Fiendsmith
Regional,SA,Top 4,Concepción Chile,Diego Isaac Garrido Contreras,Maliss,No Engine
Regional,SA,Top 8,Concepción Chile,Victor Hernan Herrera Merino,Maliss,Sky Stricker
Regional,SA,Top 8,Concepción Chile,Jose Antonio Castillo Aramundiz,Maliss,No Engine
Regional,SA,Top 8,Concepción Chile,Pedro Pablo Gallardo Robinson,Kashtira,Fiendsmith Bystial
Regional,SA,Top 8,Concepción Chile,Leonardo Alonso Cisternas,Ryzeal,No Engine
Regional,CA,1st,Mexico City Mexico,Misael Garcia Garcia,Maliss,Bystial
Regional,CA,2nd,Mexico City Mexico,Sergio Vargas Nava,Salamangreat,No Engine
Regional,CA,Top 4,Mexico City Mexico,Angel Ibarra Barcenas,Tenpai Dragon,Fiendsmith Bystial
Regional,CA,Top 4,Mexico City Mexico,Francisco Rodrigo Raya Farela,Ryzeal,No Engine
Regional,CA,Top 8,Mexico City Mexico,Aldo Eduardo Zenteno Leon,Unknown,No Engine
Regional,CA,Top 8,Mexico City Mexico,Usbaldo Adan Almendariz Jalomo,Phantom Knight,Goblin Biker
Regional,CA,Top 8,Mexico City Mexico,Jose Miguel Frias Molgora,Unknown,No Engine
Regional,CA,Top 8,Mexico City Mexico,Rodrigo Alonso Barajas,Crystron,Azamina Kash
Regional,SA,1st,Pereira Colombia,Unknown,Unknown,No Engine
Regional,SA,2nd,Pereira Colombia,Unknown,Unknown,No Engine
Regional,SA,Top 4,Pereira Colombia,Unknown,Unknown,No Engine
Regional,SA,Top 4,Pereira Colombia,Unknown,Unknown,No Engine
Regional,SA,Top 8,Pereira Colombia,Unknown,Unknown,No Engine
Regional,SA,Top 8,Pereira Colombia,Unknown,Unknown,No Engine
Regional,SA,Top 8,Pereira Colombia,Unknown,Unknown,No Engine
Regional,SA,Top 8,Pereira Colombia,Unknown,Unknown,No Engine
Regional,CA,1st,Panama Panama,Jose Arrocha Castillo,Ryzeal,Mitsurugi
Regional,CA,2nd,Panama Panama,Eric Jose Loo Liao,Tenpai Dragon,Kashtira
Regional,CA,Top 4,Panama Panama,Ruben Dario Gonzales Carcamo,Ryzeal,Fiendsmith
Regional,CA,Top 4,Panama Panama,Anyelo Javier Navarro Castillo,Ryzeal,Fiendsmith
Regional,CA,Top 8,Panama Panama,Ariel Duran,Ryzeal,Fiendsmith
Regional,CA,Top 8,Panama Panama,Jose Nuñez,Branded,No Engine
Regional,CA,Top 8,Panama Panama,Rolando Gordon,Stun,No Engine
Regional,CA,Top 8,Panama Panama,Fernando Zhong,Maliss,Bystial
Regional,EU,1st,Ireland Dublin,Luke Murtagh ,Memento,No Engine
Regional,EU,2nd,Ireland Dublin,Vote4Circular2025,Maliss,Bystial
Regional,EU,Top 4,Ireland Dublin,Skua777,Maliss,Azamina FS
Regional,EU,Top 4,Ireland Dublin,Pspy,Ryzeal,Fiendsmith
Regional,EU,Top 8,Ireland Dublin,0hgan,Ryzeal,Fiendsmith Bystial
Regional,EU,Top 8,Ireland Dublin,Lorcan Dunne,Ryzeal,Mitsurugi
Regional,EU,Top 8,Ireland Dublin,_MDgamer,Ryzeal,Fiendsmith
Regional,EU,Top 8,Ireland Dublin,Finnian21,Maliss,Bystial
Regional,EU,1st,France Antony,Ludovic lefevre ,Ryzeal,No Engine
Regional,EU,2nd,France Antony,Gabriel soussi,Maliss,Bystial
Regional,EU,Top 4,France Antony,Vincent Hammouche,Ryzeal,Mitsurugi
Regional,EU,Top 4,France Antony,Alexandre Diego,Fiendsmith,Runick
Regional,EU,Top 8,France Antony,Frozennphoenix,Unknown,No Engine
Regional,EU,Top 8,France Antony,Guillaume Peria,Ryzeal,No Engine
Regional,EU,Top 8,France Antony,Dieudonné Muaka,Ryzeal,Fiendsmith
Regional,EU,Top 8,France Antony,NSE Surgelateur,Unknown,No Engine
Regional,EU,1st,Italy Milano,Giuseppe Tarsitano,Ryzeal,Fiendsmith
Regional,EU,2nd,Italy Milano,Giuseppe Marra,Tenpai Dragon,Fiendsmith bystial
Regional,EU,Top 4,Italy Milano,Ronchi Andrea,Ryzeal,Mitsurugi
Regional,EU,Top 4,Italy Milano,Daniele Balbo,Yubel,Fiendsmith
Regional,EU,Top 8,Italy Milano,Giacomo Sandri,Memento,No Engine
Regional,EU,Top 8,Italy Milano,Federico Molin,Ryzeal,No Engine
Regional,EU,Top 8,Italy Milano,Luca Grassi,Ryzeal,Fiendsmith
Regional,EU,Top 8,Italy Milano,Pietro Masneri,White Forest,Azamina
Regional,EU,1st,Italy Roma (RM),Gianni Barone,Ryzeal,Fiendsmith
Regional,EU,2nd,Italy Roma (RM),Unknown,Unknown,No Engine
Regional,EU,Top 4,Italy Roma (RM),Unknown,Unknown,No Engine
Regional,EU,Top 4,Italy Roma (RM),Luca Manfredini,Maliss,No Engine
Regional,EU,Top 8,Italy Roma (RM),Unknown,Unknown,No Engine
Regional,EU,Top 8,Italy Roma (RM),Unknown,Unknown,No Engine
Regional,EU,Top 8,Italy Roma (RM),Sasha Tirabassi,Tenpai Dragon,Fiendsmith
Regional,EU,Top 8,Italy Roma (RM),Giuseppe Mincione,Ryzeal,Fiendsmith
Regional,EU,1st,UK Newcastle,Jamie Twigg,Maliss,Bystial
Regional,EU,2nd,UK Newcastle,Cameron Whittaker,Ryzeal,Mitsurugi
Regional,EU,Top 4,UK Newcastle,Jake McGee,Ryzeal,No Engine
Regional,EU,Top 4,UK Newcastle,Nick Hopper ,Ryzeal,Mitsurugi
Regional,EU,Top 8,UK Newcastle,Owen Wilson,Ryzeal,Fiendsmith
Regional,EU,Top 8,UK Newcastle,Callum Lawrie,Ryzeal,Mitsurugi
Regional,EU,Top 8,UK Newcastle,Dan Pearson,Ryzeal,Fiendsmith
Regional,EU,Top 8,UK Newcastle,Unknown,Unknown,No Engine
Regional,EU,1st,Switzerland Winterthur,Tom Luca Menzel,Ryzeal,Mitsurugi
Regional,EU,2nd,Switzerland Winterthur,Julian Beltrmae,Maliss,No Engine
Regional,EU,Top 4,Switzerland Winterthur,Patrick Schepmann,Ryzeal,No Engine
Regional,EU,Top 4,Switzerland Winterthur,Elmahdi Zoubi,Ryzeal,No Engine
Regional,EU,Top 8,Switzerland Winterthur,Seiya Yamashita,White Forest,Azamina
Regional,EU,Top 8,Switzerland Winterthur,Keanu Kockott,Maliss,No Engine
Regional,EU,Top 8,Switzerland Winterthur,Tim Schaffranek,Maliss,Kashtira
Regional,EU,Top 8,Switzerland Winterthur,Jarden Kalkman,Unknown,No Engine
YCS,EU,1st,BIRMINGHAM EN,Dinh-Kha Bui,Fire King,No Engine
YCS,EU,2nd,BIRMINGHAM EN,Shanxiao Wan,Maliss,Bystial
YCS,EU,Top 4,BIRMINGHAM EN,Marvin Kammerer,Ryzeal,No Engine
YCS,EU,Top 4,BIRMINGHAM EN,Nils Svensson,Mermail,No Engine
YCS,EU,Top 8,BIRMINGHAM EN,Danilo Siracusa,Maliss,No Engine
YCS,EU,Top 8,BIRMINGHAM EN,Jérémy Servary,Ryzeal,No Engine
YCS,EU,Top 8,BIRMINGHAM EN,Thomas Parsons,Ryzeal,No Engine
YCS,EU,Top 8,BIRMINGHAM EN,Dominik Strunz,White Forest,Azamina FS
YCS,EU,Top 16,BIRMINGHAM EN,Khaled Kbies,Memento,Fiendsmith
YCS,EU,Top 16,BIRMINGHAM EN,Davide Giannoccaro,Memento,No Engine
YCS,EU,Top 16,BIRMINGHAM EN,Théo Ruiz,Memento,Fiendsmith
YCS,EU,Top 16,BIRMINGHAM EN,Joo-Ho Ahn,Ryzeal,Mitsurugi
YCS,EU,Top 16,BIRMINGHAM EN,Noël Hamel,Ryzeal,Fiendsmith
YCS,EU,Top 16,BIRMINGHAM EN,Konrad Müller,Ryzeal,Mitsurugi
YCS,EU,Top 16,BIRMINGHAM EN,Jonas Rau,Ryzeal,Fiendsmith
YCS,EU,Top 16,BIRMINGHAM EN,Jan Hornig,Ryzeal,Fiendsmith
YCS,EU,Top 32,BIRMINGHAM EN,Basilis Tsimploulis,Branded,No Engine
YCS,EU,Top 32,BIRMINGHAM EN,Cristian Urena,Fiendsmith,Bystial
YCS,EU,Top 32,BIRMINGHAM EN,Richard Mortlock,Maliss,Bystial
YCS,EU,Top 32,BIRMINGHAM EN,Ben Thornton,Maliss,Bystial
YCS,EU,Top 32,BIRMINGHAM EN,Damien Valla,Maliss,No Engine
YCS,EU,Top 32,BIRMINGHAM EN,Oden Chaikin-rush,Maliss,No Engine
YCS,EU,Top 32,BIRMINGHAM EN,Matthew Collins,Mermail,No Engine
YCS,EU,Top 32,BIRMINGHAM EN,Ryan Ross,Ryzeal,Fiendsmith
YCS,EU,Top 32,BIRMINGHAM EN,Anthony Lopes,Ryzeal,Fiendsmith
YCS,EU,Top 32,BIRMINGHAM EN,Jaro Schaab,Ryzeal,Fiendsmith
YCS,EU,Top 32,BIRMINGHAM EN,Alexandre Xu,Ryzeal,Mitsurugi
YCS,EU,Top 32,BIRMINGHAM EN,Carl-Philipp Blaschke,Ryzeal,No Engine
YCS,EU,Top 32,BIRMINGHAM EN,Cormac Adams,Ryzeal,No Engine
YCS,EU,Top 32,BIRMINGHAM EN,Alberto Barzan,Ryzeal,No Engine
YCS,EU,Top 32,BIRMINGHAM EN,Adrian Wößner,Ryzeal,No Engine
YCS,EU,Top 32,BIRMINGHAM EN,Marco Riese,Ryzeal,Fiendsmith
YCS,EU,Top 64,BIRMINGHAM EN,Kyle Wallace,Crystron,No Engine
YCS,EU,Top 64,BIRMINGHAM EN,Richard Schaber,Fiendsmith,Bystial
YCS,EU,Top 64,BIRMINGHAM EN,Cameron Waddoups,Maliss,Bystial
YCS,EU,Top 64,BIRMINGHAM EN,Alexandre Petitjean,Maliss,Bystial
YCS,EU,Top 64,BIRMINGHAM EN,Gabriel Soussi,Maliss,Bystial
YCS,EU,Top 64,BIRMINGHAM EN,Bart Ladru,Maliss,Bystial
YCS,EU,Top 64,BIRMINGHAM EN,Southen Beau,Maliss,Bystial
YCS,EU,Top 64,BIRMINGHAM EN,Dan Kiernan,Maliss,Bystial
YCS,EU,Top 64,BIRMINGHAM EN,Jack Stocks,Maliss,Bystial
YCS,EU,Top 64,BIRMINGHAM EN,Ryan Amassier,Maliss,Bystial
YCS,EU,Top 64,BIRMINGHAM EN,Tom Kleinegräber,Maliss,No Engine
YCS,EU,Top 64,BIRMINGHAM EN,Evgeni Ganev,Maliss,No Engine
YCS,EU,Top 64,BIRMINGHAM EN,Pasha Gandomcar,Memento,Fiendsmith
YCS,EU,Top 64,BIRMINGHAM EN,Elle Brennan,Memento,No Engine
YCS,EU,Top 64,BIRMINGHAM EN,Timoti Baggio,Ryzeal,Fiendsmith
YCS,EU,Top 64,BIRMINGHAM EN,Marco Parenti,Ryzeal,Fiendsmith
YCS,EU,Top 64,BIRMINGHAM EN,Roselle Thorkildsen,Ryzeal,Fiendsmith
YCS,EU,Top 64,BIRMINGHAM EN,Jordan Gallacher,Ryzeal,Mitsurugi
YCS,EU,Top 64,BIRMINGHAM EN,Lorenzo Muselli,Ryzeal,Mitsurugi
YCS,EU,Top 64,BIRMINGHAM EN,David Atienza,Ryzeal,Mitsurugi
YCS,EU,Top 64,BIRMINGHAM EN,Cesare Di Giansante,Ryzeal,No Engine
YCS,EU,Top 64,BIRMINGHAM EN,Thomas Ferrari,Ryzeal,No Engine
YCS,EU,Top 64,BIRMINGHAM EN,Gabriel Netz,Ryzeal,No Engine
YCS,EU,Top 64,BIRMINGHAM EN,Kostis Girtsekis,Ryzeal,No Engine
YCS,EU,Top 64,BIRMINGHAM EN,Matteo Anelli,Ryzeal,No Engine
YCS,EU,Top 64,BIRMINGHAM EN,Elmahdi Zoubi,Ryzeal,No Engine
YCS,EU,Top 64,BIRMINGHAM EN,Gabriel Nill,Ryzeal,No Engine
YCS,EU,Top 64,BIRMINGHAM EN,Ben Kreutzkamp,Ryzeal,Trap Trix
YCS,EU,Top 64,BIRMINGHAM EN,Giuseppe Marra,Tenpai Dragon,Fiendsmith Bystial
YCS,EU,Top 64,BIRMINGHAM EN,Jack Verma,Tenpai Dragon,Fiendsmith Bystial
YCS,EU,Top 64,BIRMINGHAM EN,Alfie Jenkin,Tenpai Dragon,Fiendsmith Bystial
YCS,EU,Top 64,BIRMINGHAM EN,Kristoffer Nielsen,Tenpai Dragon,Fiendsmith Bystial
Remote Duel YCS,CA,1st,Remote Duel LATAM,Carlos Rafael Mejia Guardian,Ryzeal,Mitsurugi
Remote Duel YCS,CA,2nd,Remote Duel LATAM,Jhon David Guerrero Sanchez,Ryzeal,Fiendsmith
Remote Duel YCS,CA,Top 4,Remote Duel LATAM,Luciano Jeronimo Bregion,Ryzeal,Fiendsmith
Remote Duel YCS,CA,Top 4,Remote Duel LATAM,Tomas Dughera,Ryzeal,Fiendsmith
Remote Duel YCS,CA,Top 8,Remote Duel LATAM,Luis Alfredo Sierra Villa,Ryzeal,Fiendsmith
Remote Duel YCS,CA,Top 8,Remote Duel LATAM,Oscar Eduardo Espinoza Mendez,Ryzeal,Fiendsmith
Remote Duel YCS,CA,Top 8,Remote Duel LATAM,Leonardo Nieto Aguirre,Ryzeal,Fiendsmith
Remote Duel YCS,CA,Top 8,Remote Duel LATAM,Omar Alejandro Viveros Luis,Ryzeal,Fiendsmith
Remote Duel YCS,CA,Top 16,Remote Duel LATAM,Sebastian Muralles Quezada,Maliss,Bystial
Remote Duel YCS,CA,Top 16,Remote Duel LATAM,Gabriele Villanueva Parasi Jr.,Maliss,Bystial
Remote Duel YCS,CA,Top 16,Remote Duel LATAM,Josue Samuel Becerra Duque,Ryzeal,Fiendsmith
Remote Duel YCS,CA,Top 16,Remote Duel LATAM,Christopher Alvarado De La O,Ryzeal,Fiendsmith
Remote Duel YCS,CA,Top 16,Remote Duel LATAM,Raul Alfredo Valdez Bulus,Ryzeal,Fiendsmith
Remote Duel YCS,CA,Top 16,Remote Duel LATAM,Sebastian Alonso Serna Samame,Ryzeal,Fiendsmith
Remote Duel YCS,CA,Top 16,Remote Duel LATAM,Gerald Solis Alvarez,Stun,No Engine
Remote Duel YCS,CA,Top 16,Remote Duel LATAM,Carlos Jesus Mercado Ramirez,Ryzeal,Fiendsmith
Remote Duel YCS,CA,Top 32,Remote Duel LATAM,Franco Persano,Fiendsmith,Bystial
Remote Duel YCS,CA,Top 32,Remote Duel LATAM,Alexis Stefano Fabricio Olmedo,Maliss,Bystial
Remote Duel YCS,CA,Top 32,Remote Duel LATAM,Moisses David Salas Ramones,Maliss,Bystial
Remote Duel YCS,CA,Top 32,Remote Duel LATAM,Cristopher Bernard Penafiel,Ryzeal,No Engine
Remote Duel YCS,CA,Top 32,Remote Duel LATAM,Joao Vitor Carreira Machado,Ryzeal,Fiendsmith
Remote Duel YCS,CA,Top 32,Remote Duel LATAM,Paulo Roberto Goncalves,Ryzeal,Fiendsmith
Remote Duel YCS,CA,Top 32,Remote Duel LATAM,Josias Janael Calvache Ramos,Ryzeal,Fiendsmith
Remote Duel YCS,CA,Top 32,Remote Duel LATAM,Paulo Rubim Nepomuceno DaSilva,Ryzeal,Fiendsmith
Remote Duel YCS,CA,Top 32,Remote Duel LATAM,Renzo Agustin Vasquez Tarrill,Ryzeal,No Engine
Remote Duel YCS,CA,Top 32,Remote Duel LATAM,Lucas Luna Silva,Tenpai Dragon,No Engine
Remote Duel YCS,CA,Top 32,Remote Duel LATAM,Carlos Luis Perozo Moreno,Unknown,No Engine
Remote Duel YCS,CA,Top 32,Remote Duel LATAM,Angel Arturo Borja Aquino,Unknown,No Engine
Remote Duel YCS,CA,Top 32,Remote Duel LATAM,Fernando Bryan Gonzalez Arias,Ryzeal,Mitsurugi
Remote Duel YCS,CA,Top 32,Remote Duel LATAM,Diego Esteban Martinez Campos,White Forest,Azamina
Remote Duel YCS,CA,Top 32,Remote Duel LATAM,Patrick Hoban,Yubel,Fiendsmith
Remote Duel YCS,CA,Top 32,Remote Duel LATAM,Nestor Adalberto Huanacuni Mach,Yubel,Fiendsmith
Regional,NA,1st,Hagatna Guam,Unknown,Unknown,No Engine
Regional,NA,2nd,Hagatna Guam,Unknown,Unknown,No Engine
Regional,NA,Top 4,Hagatna Guam,Unknown,Unknown,No Engine
Regional,NA,Top 4,Hagatna Guam,Unknown,Unknown,No Engine
Regional,NA,Top 8,Hagatna Guam,Unknown,Unknown,No Engine
Regional,NA,Top 8,Hagatna Guam,Unknown,Unknown,No Engine
Regional,NA,Top 8,Hagatna Guam,Unknown,Unknown,No Engine
Regional,NA,Top 8,Hagatna Guam,Unknown,Unknown,No Engine
Regional,NA,1st,Las Vegas Nevada,Mitchell Ryan,Ryzeal,Fiendsmith
Regional,NA,2nd,Las Vegas Nevada,Christian Paul Gregorio Pascua,Ryzeal,No Engine
Regional,NA,Top 4,Las Vegas Nevada,Thomas Sebastian Beas,Ryzeal,Fiendsmith
Regional,NA,Top 4,Las Vegas Nevada,Matthew Pimentel Santiago,Maliss,Bystial
Regional,NA,Top 8,Las Vegas Nevada,Ulises Remigio Aispuro,Crystron,No Engine
Regional,NA,Top 8,Las Vegas Nevada,Kyle Alan Waterbury,Maliss,Bystial
Regional,NA,Top 8,Las Vegas Nevada,Agustin Martinez Jr,Ryzeal,Fiendsmith
Regional,NA,Top 8,Las Vegas Nevada,Sebastian To,Ryzeal,Fiendsmith
Regional,NA,1st,Columbus Ohio,Spencer Kruse,Maliss,Bystial
Regional,NA,2nd,Columbus Ohio,Connor Lee Hoffman,Maliss,No Engine
Regional,NA,Top 4,Columbus Ohio,Michael Alan Matula,Ryzeal,Mitsurugi
Regional,NA,Top 4,Columbus Ohio,Dan Andrei Podina,Maliss,No Engine
Regional,NA,Top 8,Columbus Ohio,Trayton Matthew Tragesser,Ryzeal,Fiendsmith
Regional,NA,Top 8,Columbus Ohio,Stephen Michael Niskey,Maliss,Bystial
Regional,NA,Top 8,Columbus Ohio,Jonathan Charles Sakelson,Unknown,No Engine
Regional,NA,Top 8,Columbus Ohio,Ondrae Charles Mathews,Unknown,No Engine
Regional,NA,1st,Oklahoma City Oklahoma,Houa Xiong,White Forest,Azamina
Regional,NA,2nd,Oklahoma City Oklahoma,George Lucas Sacco,Ryzeal,Fiendsmith
Regional,NA,Top 4,Oklahoma City Oklahoma,Aditya Shirish Dharap,Maliss,No Engine
Regional,NA,Top 4,Oklahoma City Oklahoma,Alan Duc Ngo,Maliss,Bystial
Regional,NA,Top 8,Oklahoma City Oklahoma,Jakob Jere Storey,Maliss,Bystial
Regional,NA,Top 8,Oklahoma City Oklahoma,Creighton Jevon Pree,Orcust,Azamina
Regional,NA,Top 8,Oklahoma City Oklahoma,Nathan Lamar Mills Jr,Maliss,Bystial
Regional,NA,Top 8,Oklahoma City Oklahoma,Israel Figueroa,Maliss,No Engine
Regional,NA,1st,Montreal Quebec CAN ,Unknown,Unknown,No Engine
Regional,NA,2nd,Montreal Quebec CAN ,Unknown,Unknown,No Engine
Regional,NA,Top 4,Montreal Quebec CAN ,Unknown,Unknown,No Engine
Regional,NA,Top 4,Montreal Quebec CAN ,Unknown,Unknown,No Engine
Regional,NA,Top 8,Montreal Quebec CAN ,Unknown,Unknown,No Engine
Regional,NA,Top 8,Montreal Quebec CAN ,Unknown,Unknown,No Engine
Regional,NA,Top 8,Montreal Quebec CAN ,Unknown,Unknown,No Engine
Regional,NA,Top 8,Montreal Quebec CAN ,Unknown,Unknown,No Engine
Regional,CA,1st,San José Costa Rica,Unknown,Unknown,No Engine
Regional,CA,2nd,San José Costa Rica,Unknown,Unknown,No Engine
Regional,CA,Top 4,San José Costa Rica,Unknown,Unknown,No Engine
Regional,CA,Top 4,San José Costa Rica,Unknown,Unknown,No Engine
Regional,CA,Top 8,San José Costa Rica,Unknown,Unknown,No Engine
Regional,CA,Top 8,San José Costa Rica,Unknown,Unknown,No Engine
Regional,CA,Top 8,San José Costa Rica,Unknown,Unknown,No Engine
Regional,CA,Top 8,San José Costa Rica,Unknown,Unknown,No Engine
Regional,EU,1st,Germany Schwandorf,Johannes Bauer,Maliss,Bystial
Regional,EU,2nd,Germany Schwandorf,Lieder Daniel,Ryzeal,Fiendsmith
Regional,EU,Top 4,Germany Schwandorf,JPCourage,Primite,Fiendsmith
Regional,EU,Top 4,Germany Schwandorf,Fabi Abi,Crystron,No Engine
Regional,EU,Top 8,Germany Schwandorf,Primo 10,Unknown,No Engine
Regional,EU,Top 8,Germany Schwandorf,Schein,Maliss,Bystial
Regional,EU,Top 8,Germany Schwandorf,Ben Hänel,Unknown,No Engine
Regional,EU,Top 8,Germany Schwandorf,Kevin Albeaty,Unknown,No Engine
Regional,EU,1st,simbach deutschland,Lukas Wilk,Maliss,No Engine
Regional,EU,2nd,simbach deutschland,Moritz Demuth,Maliss,No Engine
Regional,EU,Top 4,simbach deutschland,Alfred Endl,Yubel,Fiendsmith
Regional,EU,Top 4,simbach deutschland,Jonas Dankesreiter,Ryzeal,Fiendsmith
Regional,EU,Top 8,simbach deutschland,Matthias Fisch,Ryzeal,Fiendsmith
Regional,EU,Top 8,simbach deutschland,Michael Kaindl,Unknown,No Engine
Regional,EU,Top 8,simbach deutschland,Julian Truong,Kashtira,Fiendsmith
Regional,EU,Top 8,simbach deutschland,Milad Ahmadi,Crystron,Azamina Kash
